sampleID	bamFile
100634R	/s/project/mitoMultiOmics/raw_data/helmholtz/100634R/RNAout/paired-endout/stdFilenames/100634R.bam
100781R	/s/project/mitoMultiOmics/raw_data/helmholtz/100781R/RNAout/paired-endout/stdFilenames/100781R.bam
101401R	/s/project/mitoMultiOmics/raw_data/helmholtz/101401R/RNAout/paired-endout/stdFilenames/101401R.bam
101676R	/s/project/mitoMultiOmics/raw_data/helmholtz/101676R/RNAout/paired-endout/stdFilenames/101676R.bam
102384R	/s/project/mitoMultiOmics/raw_data/helmholtz/102384R/RNAout/paired-endout/stdFilenames/102384R.bam
102385R	/s/project/mitoMultiOmics/raw_data/helmholtz/102385R/RNAout/paired-endout/stdFilenames/102385R.bam
102386R	/s/project/mitoMultiOmics/raw_data/helmholtz/102386R/RNAout/paired-endout/stdFilenames/102386R.bam
102387R	/s/project/mitoMultiOmics/raw_data/helmholtz/102387R/RNAout/paired-endout/stdFilenames/102387R.bam
102388R	/s/project/mitoMultiOmics/raw_data/helmholtz/102388R/RNAout/paired-endout/stdFilenames/102388R.bam
102389R	/s/project/mitoMultiOmics/raw_data/helmholtz/102389R/RNAout/paired-endout/stdFilenames/102389R.bam
102390R	/s/project/mitoMultiOmics/raw_data/helmholtz/102390R/RNAout/paired-endout/stdFilenames/102390R.bam
102391R	/s/project/mitoMultiOmics/raw_data/helmholtz/102391R/RNAout/paired-endout/stdFilenames/102391R.bam
102392R	/s/project/mitoMultiOmics/raw_data/helmholtz/102392R/RNAout/paired-endout/stdFilenames/102392R.bam
102393R	/s/project/mitoMultiOmics/raw_data/helmholtz/102393R/RNAout/paired-endout/stdFilenames/102393R.bam
102630R	/s/project/mitoMultiOmics/raw_data/helmholtz/102630R/RNAout/paired-endout/stdFilenames/102630R.bam
102631R	/s/project/mitoMultiOmics/raw_data/helmholtz/102631R/RNAout/paired-endout/stdFilenames/102631R.bam
102632R	/s/project/mitoMultiOmics/raw_data/helmholtz/102632R/RNAout/paired-endout/stdFilenames/102632R.bam
102860R	/s/project/mitoMultiOmics/raw_data/helmholtz/102860R/RNAout/paired-endout/stdFilenames/102860R.bam
102864R	/s/project/mitoMultiOmics/raw_data/helmholtz/102864R/RNAout/paired-endout/stdFilenames/102864R.bam
102874R	/s/project/mitoMultiOmics/raw_data/helmholtz/102874R/RNAout/paired-endout/stdFilenames/102874R.bam
102875R	/s/project/mitoMultiOmics/raw_data/helmholtz/102875R/RNAout/paired-endout/stdFilenames/102875R.bam
102876R	/s/project/mitoMultiOmics/raw_data/helmholtz/102876R/RNAout/paired-endout/stdFilenames/102876R.bam
102949R	/s/project/mitoMultiOmics/raw_data/helmholtz/102949R/RNAout/paired-endout/stdFilenames/102949R.bam
102950R	/s/project/mitoMultiOmics/raw_data/helmholtz/102950R/RNAout/paired-endout/stdFilenames/102950R.bam
102951R	/s/project/mitoMultiOmics/raw_data/helmholtz/102951R/RNAout/paired-endout/stdFilenames/102951R.bam
102952R	/s/project/mitoMultiOmics/raw_data/helmholtz/102952R/RNAout/paired-endout/stdFilenames/102952R.bam
103027R	/s/project/mitoMultiOmics/raw_data/helmholtz/103027R/RNAout/paired-endout/stdFilenames/103027R.bam
103165R	/s/project/mitoMultiOmics/raw_data/helmholtz/103165R/RNAout/paired-endout/stdFilenames/103165R.bam
103166R	/s/project/mitoMultiOmics/raw_data/helmholtz/103166R/RNAout/paired-endout/stdFilenames/103166R.bam
103170R	/s/project/mitoMultiOmics/raw_data/helmholtz/103170R/RNAout/paired-endout/stdFilenames/103170R.bam
103171R	/s/project/mitoMultiOmics/raw_data/helmholtz/103171R/RNAout/paired-endout/stdFilenames/103171R.bam
103172R	/s/project/mitoMultiOmics/raw_data/helmholtz/103172R/RNAout/paired-endout/stdFilenames/103172R.bam
103173R	/s/project/mitoMultiOmics/raw_data/helmholtz/103173R/RNAout/paired-endout/stdFilenames/103173R.bam
103174R	/s/project/mitoMultiOmics/raw_data/helmholtz/103174R/RNAout/paired-endout/stdFilenames/103174R.bam
103175R	/s/project/mitoMultiOmics/raw_data/helmholtz/103175R/RNAout/paired-endout/stdFilenames/103175R.bam
103180R	/s/project/mitoMultiOmics/raw_data/helmholtz/103180R/RNAout/paired-endout/stdFilenames/103180R.bam
103182R	/s/project/mitoMultiOmics/raw_data/helmholtz/103182R/RNAout/paired-endout/stdFilenames/103182R.bam
103185R	/s/project/mitoMultiOmics/raw_data/helmholtz/103185R/RNAout/paired-endout/stdFilenames/103185R.bam
103190R	/s/project/mitoMultiOmics/raw_data/helmholtz/103190R/RNAout/paired-endout/stdFilenames/103190R.bam
103192R	/s/project/mitoMultiOmics/raw_data/helmholtz/103192R/RNAout/paired-endout/stdFilenames/103192R.bam
103198R	/s/project/mitoMultiOmics/raw_data/helmholtz/103198R/RNAout/paired-endout/stdFilenames/103198R.bam
103199R	/s/project/mitoMultiOmics/raw_data/helmholtz/103199R/RNAout/paired-endout/stdFilenames/103199R.bam
103200R	/s/project/mitoMultiOmics/raw_data/helmholtz/103200R/RNAout/paired-endout/stdFilenames/103200R.bam
103203R	/s/project/mitoMultiOmics/raw_data/helmholtz/103203R/RNAout/paired-endout/stdFilenames/103203R.bam
103207R	/s/project/mitoMultiOmics/raw_data/helmholtz/103207R/RNAout/paired-endout/stdFilenames/103207R.bam
103208R	/s/project/mitoMultiOmics/raw_data/helmholtz/103208R/RNAout/paired-endout/stdFilenames/103208R.bam
103209R	/s/project/mitoMultiOmics/raw_data/helmholtz/103209R/RNAout/paired-endout/stdFilenames/103209R.bam
103210R	/s/project/mitoMultiOmics/raw_data/helmholtz/103210R/RNAout/paired-endout/stdFilenames/103210R.bam
103213R	/s/project/mitoMultiOmics/raw_data/helmholtz/103213R/RNAout/paired-endout/stdFilenames/103213R.bam
103214R	/s/project/mitoMultiOmics/raw_data/helmholtz/103214R/RNAout/paired-endout/stdFilenames/103214R.bam
103216R	/s/project/mitoMultiOmics/raw_data/helmholtz/103216R/RNAout/paired-endout/stdFilenames/103216R.bam
103217R	/s/project/mitoMultiOmics/raw_data/helmholtz/103217R/RNAout/paired-endout/stdFilenames/103217R.bam
103219R	/s/project/mitoMultiOmics/raw_data/helmholtz/103219R/RNAout/paired-endout/stdFilenames/103219R.bam
103221R	/s/project/mitoMultiOmics/raw_data/helmholtz/103221R/RNAout/paired-endout/stdFilenames/103221R.bam
103223R	/s/project/mitoMultiOmics/raw_data/helmholtz/103223R/RNAout/paired-endout/stdFilenames/103223R.bam
103225R	/s/project/mitoMultiOmics/raw_data/helmholtz/103225R/RNAout/paired-endout/stdFilenames/103225R.bam
103229R	/s/project/mitoMultiOmics/raw_data/helmholtz/103229R/RNAout/paired-endout/stdFilenames/103229R.bam
103230R	/s/project/mitoMultiOmics/raw_data/helmholtz/103230R/RNAout/paired-endout/stdFilenames/103230R.bam
103231R	/s/project/mitoMultiOmics/raw_data/helmholtz/103231R/RNAout/paired-endout/stdFilenames/103231R.bam
103232R	/s/project/mitoMultiOmics/raw_data/helmholtz/103232R/RNAout/paired-endout/stdFilenames/103232R.bam
103234R	/s/project/mitoMultiOmics/raw_data/helmholtz/103234R/RNAout/paired-endout/stdFilenames/103234R.bam
103239R	/s/project/mitoMultiOmics/raw_data/helmholtz/103239R/RNAout/paired-endout/stdFilenames/103239R.bam
104264R	/s/project/mitoMultiOmics/raw_data/helmholtz/104264R/RNAout/paired-endout/stdFilenames/104264R.bam
104355R	/s/project/mitoMultiOmics/raw_data/helmholtz/104355R/RNAout/paired-endout/stdFilenames/104355R.bam
104438R	/s/project/mitoMultiOmics/raw_data/helmholtz/104438R/RNAout/paired-endout/stdFilenames/104438R.bam
104981R	/s/project/mitoMultiOmics/raw_data/helmholtz/104981R/RNAout/paired-endout/stdFilenames/104981R.bam
104982R	/s/project/mitoMultiOmics/raw_data/helmholtz/104982R/RNAout/paired-endout/stdFilenames/104982R.bam
105251R	/s/project/mitoMultiOmics/raw_data/helmholtz/105251R/RNAout/paired-endout/stdFilenames/105251R.bam
105376R	/s/project/mitoMultiOmics/raw_data/helmholtz/105376R/RNAout/paired-endout/stdFilenames/105376R.bam
105377R	/s/project/mitoMultiOmics/raw_data/helmholtz/105377R/RNAout/paired-endout/stdFilenames/105377R.bam
105378R	/s/project/mitoMultiOmics/raw_data/helmholtz/105378R/RNAout/paired-endout/stdFilenames/105378R.bam
105896R	/s/project/mitoMultiOmics/raw_data/helmholtz/105896R/RNAout/paired-endout/stdFilenames/105896R.bam
106244R	/s/project/mitoMultiOmics/raw_data/helmholtz/106244R/RNAout/paired-endout/stdFilenames/106244R.bam
108688R	/s/project/mitoMultiOmics/raw_data/helmholtz/108688R/RNAout/paired-endout/stdFilenames/108688R.bam
108718R_GAL	/s/project/mitoMultiOmics/raw_data/helmholtz/108718R_GAL/RNAout/paired-endout/stdFilenames/108718R_GAL.bam
108718R	/s/project/mitoMultiOmics/raw_data/helmholtz/108718R/RNAout/paired-endout/stdFilenames/108718R.bam
110311R	/s/project/mitoMultiOmics/raw_data/helmholtz/110311R/RNAout/paired-endout/stdFilenames/110311R.bam
110313R	/s/project/mitoMultiOmics/raw_data/helmholtz/110313R/RNAout/paired-endout/stdFilenames/110313R.bam
110386R	/s/project/mitoMultiOmics/raw_data/helmholtz/110386R/RNAout/paired-endout/stdFilenames/110386R.bam
110390R	/s/project/mitoMultiOmics/raw_data/helmholtz/110390R/RNAout/paired-endout/stdFilenames/110390R.bam
110441R	/s/project/mitoMultiOmics/raw_data/helmholtz/110441R/RNAout/paired-endout/stdFilenames/110441R.bam
110442R	/s/project/mitoMultiOmics/raw_data/helmholtz/110442R/RNAout/paired-endout/stdFilenames/110442R.bam
110443R	/s/project/mitoMultiOmics/raw_data/helmholtz/110443R/RNAout/paired-endout/stdFilenames/110443R.bam
110444R	/s/project/mitoMultiOmics/raw_data/helmholtz/110444R/RNAout/paired-endout/stdFilenames/110444R.bam
110445R	/s/project/mitoMultiOmics/raw_data/helmholtz/110445R/RNAout/paired-endout/stdFilenames/110445R.bam
110446R	/s/project/mitoMultiOmics/raw_data/helmholtz/110446R/RNAout/paired-endout/stdFilenames/110446R.bam
110447R	/s/project/mitoMultiOmics/raw_data/helmholtz/110447R/RNAout/paired-endout/stdFilenames/110447R.bam
110448R	/s/project/mitoMultiOmics/raw_data/helmholtz/110448R/RNAout/paired-endout/stdFilenames/110448R.bam
110449R	/s/project/mitoMultiOmics/raw_data/helmholtz/110449R/RNAout/paired-endout/stdFilenames/110449R.bam
110450R	/s/project/mitoMultiOmics/raw_data/helmholtz/110450R/RNAout/paired-endout/stdFilenames/110450R.bam
110451R	/s/project/mitoMultiOmics/raw_data/helmholtz/110451R/RNAout/paired-endout/stdFilenames/110451R.bam
110452R	/s/project/mitoMultiOmics/raw_data/helmholtz/110452R/RNAout/paired-endout/stdFilenames/110452R.bam
110453R	/s/project/mitoMultiOmics/raw_data/helmholtz/110453R/RNAout/paired-endout/stdFilenames/110453R.bam
110454R	/s/project/mitoMultiOmics/raw_data/helmholtz/110454R/RNAout/paired-endout/stdFilenames/110454R.bam
110455R	/s/project/mitoMultiOmics/raw_data/helmholtz/110455R/RNAout/paired-endout/stdFilenames/110455R.bam
110456R	/s/project/mitoMultiOmics/raw_data/helmholtz/110456R/RNAout/paired-endout/stdFilenames/110456R.bam
110457R	/s/project/mitoMultiOmics/raw_data/helmholtz/110457R/RNAout/paired-endout/stdFilenames/110457R.bam
110458R	/s/project/mitoMultiOmics/raw_data/helmholtz/110458R/RNAout/paired-endout/stdFilenames/110458R.bam
110459R	/s/project/mitoMultiOmics/raw_data/helmholtz/110459R/RNAout/paired-endout/stdFilenames/110459R.bam
110460R	/s/project/mitoMultiOmics/raw_data/helmholtz/110460R/RNAout/paired-endout/stdFilenames/110460R.bam
110462R	/s/project/mitoMultiOmics/raw_data/helmholtz/110462R/RNAout/paired-endout/stdFilenames/110462R.bam
110463R	/s/project/mitoMultiOmics/raw_data/helmholtz/110463R/RNAout/paired-endout/stdFilenames/110463R.bam
110464R	/s/project/mitoMultiOmics/raw_data/helmholtz/110464R/RNAout/paired-endout/stdFilenames/110464R.bam
110465R	/s/project/mitoMultiOmics/raw_data/helmholtz/110465R/RNAout/paired-endout/stdFilenames/110465R.bam
110466R	/s/project/mitoMultiOmics/raw_data/helmholtz/110466R/RNAout/paired-endout/stdFilenames/110466R.bam
110467R	/s/project/mitoMultiOmics/raw_data/helmholtz/110467R/RNAout/paired-endout/stdFilenames/110467R.bam
110468R	/s/project/mitoMultiOmics/raw_data/helmholtz/110468R/RNAout/paired-endout/stdFilenames/110468R.bam
110469R	/s/project/mitoMultiOmics/raw_data/helmholtz/110469R/RNAout/paired-endout/stdFilenames/110469R.bam
110470R	/s/project/mitoMultiOmics/raw_data/helmholtz/110470R/RNAout/paired-endout/stdFilenames/110470R.bam
110471R	/s/project/mitoMultiOmics/raw_data/helmholtz/110471R/RNAout/paired-endout/stdFilenames/110471R.bam
111573R	/s/project/mitoMultiOmics/raw_data/helmholtz/111573R/RNAout/paired-endout/stdFilenames/111573R.bam
111633R	/s/project/mitoMultiOmics/raw_data/helmholtz/111633R/RNAout/paired-endout/stdFilenames/111633R.bam
111653R	/s/project/mitoMultiOmics/raw_data/helmholtz/111653R/RNAout/paired-endout/stdFilenames/111653R.bam
111654R	/s/project/mitoMultiOmics/raw_data/helmholtz/111654R/RNAout/paired-endout/stdFilenames/111654R.bam
111659R	/s/project/mitoMultiOmics/raw_data/helmholtz/111659R/RNAout/paired-endout/stdFilenames/111659R.bam
111660R	/s/project/mitoMultiOmics/raw_data/helmholtz/111660R/RNAout/paired-endout/stdFilenames/111660R.bam
111664R	/s/project/mitoMultiOmics/raw_data/helmholtz/111664R/RNAout/paired-endout/stdFilenames/111664R.bam
111666R	/s/project/mitoMultiOmics/raw_data/helmholtz/111666R/RNAout/paired-endout/stdFilenames/111666R.bam
111668R	/s/project/mitoMultiOmics/raw_data/helmholtz/111668R/RNAout/paired-endout/stdFilenames/111668R.bam
111669R	/s/project/mitoMultiOmics/raw_data/helmholtz/111669R/RNAout/paired-endout/stdFilenames/111669R.bam
111670R	/s/project/mitoMultiOmics/raw_data/helmholtz/111670R/RNAout/paired-endout/stdFilenames/111670R.bam
111671R	/s/project/mitoMultiOmics/raw_data/helmholtz/111671R/RNAout/paired-endout/stdFilenames/111671R.bam
111681R	/s/project/mitoMultiOmics/raw_data/helmholtz/111681R/RNAout/paired-endout/stdFilenames/111681R.bam
111682R	/s/project/mitoMultiOmics/raw_data/helmholtz/111682R/RNAout/paired-endout/stdFilenames/111682R.bam
111684R	/s/project/mitoMultiOmics/raw_data/helmholtz/111684R/RNAout/paired-endout/stdFilenames/111684R.bam
111685R	/s/project/mitoMultiOmics/raw_data/helmholtz/111685R/RNAout/paired-endout/stdFilenames/111685R.bam
111689R	/s/project/mitoMultiOmics/raw_data/helmholtz/111689R/RNAout/paired-endout/stdFilenames/111689R.bam
111888R	/s/project/mitoMultiOmics/raw_data/helmholtz/111888R/RNAout/paired-endout/stdFilenames/111888R.bam
112172R	/s/project/mitoMultiOmics/raw_data/helmholtz/112172R/RNAout/paired-endout/stdFilenames/112172R.bam
112223R	/s/project/mitoMultiOmics/raw_data/helmholtz/112223R/RNAout/paired-endout/stdFilenames/112223R.bam
112227R	/s/project/mitoMultiOmics/raw_data/helmholtz/112227R/RNAout/paired-endout/stdFilenames/112227R.bam
112230R	/s/project/mitoMultiOmics/raw_data/helmholtz/112230R/RNAout/paired-endout/stdFilenames/112230R.bam
112233R	/s/project/mitoMultiOmics/raw_data/helmholtz/112233R/RNAout/paired-endout/stdFilenames/112233R.bam
113015R	/s/project/mitoMultiOmics/raw_data/helmholtz/113015R/RNAout/paired-endout/stdFilenames/113015R.bam
113017R_GAL	/s/project/mitoMultiOmics/raw_data/helmholtz/113017R_GAL/RNAout/paired-endout/stdFilenames/113017R_GAL.bam
113017R	/s/project/mitoMultiOmics/raw_data/helmholtz/113017R/RNAout/paired-endout/stdFilenames/113017R.bam
113199R	/s/project/mitoMultiOmics/raw_data/helmholtz/113199R/RNAout/paired-endout/stdFilenames/113199R.bam
113552R	/s/project/mitoMultiOmics/raw_data/helmholtz/113552R/RNAout/paired-endout/stdFilenames/113552R.bam
114352R	/s/project/mitoMultiOmics/raw_data/helmholtz/114352R/RNAout/paired-endout/stdFilenames/114352R.bam
114503R	/s/project/mitoMultiOmics/raw_data/helmholtz/114503R/RNAout/paired-endout/stdFilenames/114503R.bam
114520R	/s/project/mitoMultiOmics/raw_data/helmholtz/114520R/RNAout/paired-endout/stdFilenames/114520R.bam
114735R	/s/project/mitoMultiOmics/raw_data/helmholtz/114735R/RNAout/paired-endout/stdFilenames/114735R.bam
114807R	/s/project/mitoMultiOmics/raw_data/helmholtz/114807R/RNAout/paired-endout/stdFilenames/114807R.bam
114808R	/s/project/mitoMultiOmics/raw_data/helmholtz/114808R/RNAout/paired-endout/stdFilenames/114808R.bam
114810R	/s/project/mitoMultiOmics/raw_data/helmholtz/114810R/RNAout/paired-endout/stdFilenames/114810R.bam
114818R	/s/project/mitoMultiOmics/raw_data/helmholtz/114818R/RNAout/paired-endout/stdFilenames/114818R.bam
115325R	/s/project/mitoMultiOmics/raw_data/helmholtz/115325R/RNAout/paired-endout/stdFilenames/115325R.bam
115337R	/s/project/mitoMultiOmics/raw_data/helmholtz/115337R/RNAout/paired-endout/stdFilenames/115337R.bam
115686R	/s/project/mitoMultiOmics/raw_data/helmholtz/115686R/RNAout/paired-endout/stdFilenames/115686R.bam
116060R	/s/project/mitoMultiOmics/raw_data/helmholtz/116060R/RNAout/paired-endout/stdFilenames/116060R.bam
116181R	/s/project/mitoMultiOmics/raw_data/helmholtz/116181R/RNAout/paired-endout/stdFilenames/116181R.bam
116182R	/s/project/mitoMultiOmics/raw_data/helmholtz/116182R/RNAout/paired-endout/stdFilenames/116182R.bam
116256	/s/project/mitoMultiOmics/raw_data/helmholtz/116256/RNAout/paired-endout/stdFilenames/116256.bam
116257	/s/project/mitoMultiOmics/raw_data/helmholtz/116257/RNAout/paired-endout/stdFilenames/116257.bam
116684	/s/project/mitoMultiOmics/raw_data/helmholtz/116684/RNAout/paired-endout/stdFilenames/116684.bam
33254R_GAL	/s/project/mitoMultiOmics/raw_data/helmholtz/33254R_GAL/RNAout/paired-endout/stdFilenames/33254R_GAL.bam
33254R	/s/project/mitoMultiOmics/raw_data/helmholtz/33254R/RNAout/paired-endout/stdFilenames/33254R.bam
33281R	/s/project/mitoMultiOmics/raw_data/helmholtz/33281R/RNAout/paired-endout/stdFilenames/33281R.bam
35834	/s/project/mitoMultiOmics/raw_data/helmholtz/35834/RNAout/paired-endout/stdFilenames/35834.bam
57415	/s/project/mitoMultiOmics/raw_data/helmholtz/57415/RNAout/paired-endout/stdFilenames/57415.bam
61695	/s/project/mitoMultiOmics/raw_data/helmholtz/61695/RNAout/paired-endout/stdFilenames/61695.bam
61982	/s/project/mitoMultiOmics/raw_data/helmholtz/61982/RNAout/paired-endout/stdFilenames/61982.bam
62336R	/s/project/mitoMultiOmics/raw_data/helmholtz/62336R/RNAout/paired-endout/stdFilenames/62336R.bam
62336R_wrongID	/s/project/mitoMultiOmics/raw_data/helmholtz/62336R_wrongID/RNAout/paired-endout/stdFilenames/62336R_wrongID.bam
65937	/s/project/mitoMultiOmics/raw_data/helmholtz/65937/RNAout/paired-endout/stdFilenames/65937.bam
66623	/s/project/mitoMultiOmics/raw_data/helmholtz/66623/RNAout/paired-endout/stdFilenames/66623.bam
67330R	/s/project/mitoMultiOmics/raw_data/helmholtz/67330R/RNAout/paired-endout/stdFilenames/67330R.bam
68607R	/s/project/mitoMultiOmics/raw_data/helmholtz/68607R/RNAout/paired-endout/stdFilenames/68607R.bam
69245	/s/project/mitoMultiOmics/raw_data/helmholtz/69245/RNAout/paired-endout/stdFilenames/69245.bam
69248	/s/project/mitoMultiOmics/raw_data/helmholtz/69248/RNAout/paired-endout/stdFilenames/69248.bam
69456	/s/project/mitoMultiOmics/raw_data/helmholtz/69456/RNAout/paired-endout/stdFilenames/69456.bam
69801R	/s/project/mitoMultiOmics/raw_data/helmholtz/69801R/RNAout/paired-endout/stdFilenames/69801R.bam
70038	/s/project/mitoMultiOmics/raw_data/helmholtz/70038/RNAout/paired-endout/stdFilenames/70038.bam
70041	/s/project/mitoMultiOmics/raw_data/helmholtz/70041/RNAout/paired-endout/stdFilenames/70041.bam
70476	/s/project/mitoMultiOmics/raw_data/helmholtz/70476/RNAout/paired-endout/stdFilenames/70476.bam
70478	/s/project/mitoMultiOmics/raw_data/helmholtz/70478/RNAout/paired-endout/stdFilenames/70478.bam
70479	/s/project/mitoMultiOmics/raw_data/helmholtz/70479/RNAout/paired-endout/stdFilenames/70479.bam
72748	/s/project/mitoMultiOmics/raw_data/helmholtz/72748/RNAout/paired-endout/stdFilenames/72748.bam
74123	/s/project/mitoMultiOmics/raw_data/helmholtz/74123/RNAout/paired-endout/stdFilenames/74123.bam
74172	/s/project/mitoMultiOmics/raw_data/helmholtz/74172/RNAout/paired-endout/stdFilenames/74172.bam
76619	/s/project/mitoMultiOmics/raw_data/helmholtz/76619/RNAout/paired-endout/stdFilenames/76619.bam
76620	/s/project/mitoMultiOmics/raw_data/helmholtz/76620/RNAout/paired-endout/stdFilenames/76620.bam
76621	/s/project/mitoMultiOmics/raw_data/helmholtz/76621/RNAout/paired-endout/stdFilenames/76621.bam
76622	/s/project/mitoMultiOmics/raw_data/helmholtz/76622/RNAout/paired-endout/stdFilenames/76622.bam
76623	/s/project/mitoMultiOmics/raw_data/helmholtz/76623/RNAout/paired-endout/stdFilenames/76623.bam
76624	/s/project/mitoMultiOmics/raw_data/helmholtz/76624/RNAout/paired-endout/stdFilenames/76624.bam
76625	/s/project/mitoMultiOmics/raw_data/helmholtz/76625/RNAout/paired-endout/stdFilenames/76625.bam
76626	/s/project/mitoMultiOmics/raw_data/helmholtz/76626/RNAout/paired-endout/stdFilenames/76626.bam
76627	/s/project/mitoMultiOmics/raw_data/helmholtz/76627/RNAout/paired-endout/stdFilenames/76627.bam
76628	/s/project/mitoMultiOmics/raw_data/helmholtz/76628/RNAout/paired-endout/stdFilenames/76628.bam
76629	/s/project/mitoMultiOmics/raw_data/helmholtz/76629/RNAout/paired-endout/stdFilenames/76629.bam
76630	/s/project/mitoMultiOmics/raw_data/helmholtz/76630/RNAout/paired-endout/stdFilenames/76630.bam
76631	/s/project/mitoMultiOmics/raw_data/helmholtz/76631/RNAout/paired-endout/stdFilenames/76631.bam
76632	/s/project/mitoMultiOmics/raw_data/helmholtz/76632/RNAout/paired-endout/stdFilenames/76632.bam
76633	/s/project/mitoMultiOmics/raw_data/helmholtz/76633/RNAout/paired-endout/stdFilenames/76633.bam
76634	/s/project/mitoMultiOmics/raw_data/helmholtz/76634/RNAout/paired-endout/stdFilenames/76634.bam
76635	/s/project/mitoMultiOmics/raw_data/helmholtz/76635/RNAout/paired-endout/stdFilenames/76635.bam
76636	/s/project/mitoMultiOmics/raw_data/helmholtz/76636/RNAout/paired-endout/stdFilenames/76636.bam
76637	/s/project/mitoMultiOmics/raw_data/helmholtz/76637/RNAout/paired-endout/stdFilenames/76637.bam
76638	/s/project/mitoMultiOmics/raw_data/helmholtz/76638/RNAout/paired-endout/stdFilenames/76638.bam
77158R	/s/project/mitoMultiOmics/raw_data/helmholtz/77158R/RNAout/paired-endout/stdFilenames/77158R.bam
84760R	/s/project/mitoMultiOmics/raw_data/helmholtz/84760R/RNAout/paired-endout/stdFilenames/84760R.bam
88604R	/s/project/mitoMultiOmics/raw_data/helmholtz/88604R/RNAout/paired-endout/stdFilenames/88604R.bam
90084R	/s/project/mitoMultiOmics/raw_data/helmholtz/90084R/RNAout/paired-endout/stdFilenames/90084R.bam
90956	/s/project/mitoMultiOmics/raw_data/helmholtz/90956/RNAout/paired-endout/stdFilenames/90956.bam
93067	/s/project/mitoMultiOmics/raw_data/helmholtz/93067/RNAout/paired-endout/stdFilenames/93067.bam
95319	/s/project/mitoMultiOmics/raw_data/helmholtz/95319/RNAout/paired-endout/stdFilenames/95319.bam
95385	/s/project/mitoMultiOmics/raw_data/helmholtz/95385/RNAout/paired-endout/stdFilenames/95385.bam
96169	/s/project/mitoMultiOmics/raw_data/helmholtz/96169/RNAout/paired-endout/stdFilenames/96169.bam
97758	/s/project/mitoMultiOmics/raw_data/helmholtz/97758/RNAout/paired-endout/stdFilenames/97758.bam
97759	/s/project/mitoMultiOmics/raw_data/helmholtz/97759/RNAout/paired-endout/stdFilenames/97759.bam
97760	/s/project/mitoMultiOmics/raw_data/helmholtz/97760/RNAout/paired-endout/stdFilenames/97760.bam
97808	/s/project/mitoMultiOmics/raw_data/helmholtz/97808/RNAout/paired-endout/stdFilenames/97808.bam
97810R	/s/project/mitoMultiOmics/raw_data/helmholtz/97810R/RNAout/paired-endout/stdFilenames/97810R.bam
97816R_GAL	/s/project/mitoMultiOmics/raw_data/helmholtz/97816R_GAL/RNAout/paired-endout/stdFilenames/97816R_GAL.bam
97816R	/s/project/mitoMultiOmics/raw_data/helmholtz/97816R/RNAout/paired-endout/stdFilenames/97816R.bam
97817R_GAL	/s/project/mitoMultiOmics/raw_data/helmholtz/97817R_GAL/RNAout/paired-endout/stdFilenames/97817R_GAL.bam
97817R	/s/project/mitoMultiOmics/raw_data/helmholtz/97817R/RNAout/paired-endout/stdFilenames/97817R.bam
97827	/s/project/mitoMultiOmics/raw_data/helmholtz/97827/RNAout/paired-endout/stdFilenames/97827.bam
98047	/s/project/mitoMultiOmics/raw_data/helmholtz/98047/RNAout/paired-endout/stdFilenames/98047.bam
98375	/s/project/mitoMultiOmics/raw_data/helmholtz/98375/RNAout/paired-endout/stdFilenames/98375.bam
98521R	/s/project/mitoMultiOmics/raw_data/helmholtz/98521R/RNAout/paired-endout/stdFilenames/98521R.bam
98621	/s/project/mitoMultiOmics/raw_data/helmholtz/98621/RNAout/paired-endout/stdFilenames/98621.bam
98885	/s/project/mitoMultiOmics/raw_data/helmholtz/98885/RNAout/paired-endout/stdFilenames/98885.bam
99291R	/s/project/mitoMultiOmics/raw_data/helmholtz/99291R/RNAout/paired-endout/stdFilenames/99291R.bam
99292R	/s/project/mitoMultiOmics/raw_data/helmholtz/99292R/RNAout/paired-endout/stdFilenames/99292R.bam
99293R	/s/project/mitoMultiOmics/raw_data/helmholtz/99293R/RNAout/paired-endout/stdFilenames/99293R.bam
99294R	/s/project/mitoMultiOmics/raw_data/helmholtz/99294R/RNAout/paired-endout/stdFilenames/99294R.bam
99295R	/s/project/mitoMultiOmics/raw_data/helmholtz/99295R/RNAout/paired-endout/stdFilenames/99295R.bam
99296R	/s/project/mitoMultiOmics/raw_data/helmholtz/99296R/RNAout/paired-endout/stdFilenames/99296R.bam
99297R	/s/project/mitoMultiOmics/raw_data/helmholtz/99297R/RNAout/paired-endout/stdFilenames/99297R.bam
99298R	/s/project/mitoMultiOmics/raw_data/helmholtz/99298R/RNAout/paired-endout/stdFilenames/99298R.bam
99299R	/s/project/mitoMultiOmics/raw_data/helmholtz/99299R/RNAout/paired-endout/stdFilenames/99299R.bam
99300R	/s/project/mitoMultiOmics/raw_data/helmholtz/99300R/RNAout/paired-endout/stdFilenames/99300R.bam
99301R	/s/project/mitoMultiOmics/raw_data/helmholtz/99301R/RNAout/paired-endout/stdFilenames/99301R.bam
99302R	/s/project/mitoMultiOmics/raw_data/helmholtz/99302R/RNAout/paired-endout/stdFilenames/99302R.bam
99303R	/s/project/mitoMultiOmics/raw_data/helmholtz/99303R/RNAout/paired-endout/stdFilenames/99303R.bam
99304R	/s/project/mitoMultiOmics/raw_data/helmholtz/99304R/RNAout/paired-endout/stdFilenames/99304R.bam
99305R	/s/project/mitoMultiOmics/raw_data/helmholtz/99305R/RNAout/paired-endout/stdFilenames/99305R.bam
99306R	/s/project/mitoMultiOmics/raw_data/helmholtz/99306R/RNAout/paired-endout/stdFilenames/99306R.bam
99307R	/s/project/mitoMultiOmics/raw_data/helmholtz/99307R/RNAout/paired-endout/stdFilenames/99307R.bam
99393	/s/project/mitoMultiOmics/raw_data/helmholtz/99393/RNAout/paired-endout/stdFilenames/99393.bam
99590R	/s/project/mitoMultiOmics/raw_data/helmholtz/99590R/RNAout/paired-endout/stdFilenames/99590R.bam
99590R-T-SSBP1	/s/project/mitoMultiOmics/raw_data/helmholtz/99590R-T-SSBP1/RNAout/paired-endout/stdFilenames/99590R-T-SSBP1.bam
99833R	/s/project/mitoMultiOmics/raw_data/helmholtz/99833R/RNAout/paired-endout/stdFilenames/99833R.bam
MUC0486	/s/project/mitoMultiOmics/raw_data/helmholtz/MUC0486/RNAout/paired-endout/stdFilenames/MUC0486.bam
MUC0487	/s/project/mitoMultiOmics/raw_data/helmholtz/MUC0487/RNAout/paired-endout/stdFilenames/MUC0487.bam
MUC0488	/s/project/mitoMultiOmics/raw_data/helmholtz/MUC0488/RNAout/paired-endout/stdFilenames/MUC0488.bam
MUC0489	/s/project/mitoMultiOmics/raw_data/helmholtz/MUC0489/RNAout/paired-endout/stdFilenames/MUC0489.bam
MUC0490	/s/project/mitoMultiOmics/raw_data/helmholtz/MUC0490/RNAout/paired-endout/stdFilenames/MUC0490.bam
MUC0491	/s/project/mitoMultiOmics/raw_data/helmholtz/MUC0491/RNAout/paired-endout/stdFilenames/MUC0491.bam
MUC0492	/s/project/mitoMultiOmics/raw_data/helmholtz/MUC0492/RNAout/paired-endout/stdFilenames/MUC0492.bam
MUC0493	/s/project/mitoMultiOmics/raw_data/helmholtz/MUC0493/RNAout/paired-endout/stdFilenames/MUC0493.bam
MUC0494	/s/project/mitoMultiOmics/raw_data/helmholtz/MUC0494/RNAout/paired-endout/stdFilenames/MUC0494.bam
MUC0495	/s/project/mitoMultiOmics/raw_data/helmholtz/MUC0495/RNAout/paired-endout/stdFilenames/MUC0495.bam
MUC0496	/s/project/mitoMultiOmics/raw_data/helmholtz/MUC0496/RNAout/paired-endout/stdFilenames/MUC0496.bam
MUC0497	/s/project/mitoMultiOmics/raw_data/helmholtz/MUC0497/RNAout/paired-endout/stdFilenames/MUC0497.bam
MUC0498	/s/project/mitoMultiOmics/raw_data/helmholtz/MUC0498/RNAout/paired-endout/stdFilenames/MUC0498.bam
MUC0499	/s/project/mitoMultiOmics/raw_data/helmholtz/MUC0499/RNAout/paired-endout/stdFilenames/MUC0499.bam
MUC0597	/s/project/mitoMultiOmics/raw_data/helmholtz/MUC0597/RNAout/paired-endout/stdFilenames/MUC0597.bam
MUC0598	/s/project/mitoMultiOmics/raw_data/helmholtz/MUC0598/RNAout/paired-endout/stdFilenames/MUC0598.bam
MUC0599	/s/project/mitoMultiOmics/raw_data/helmholtz/MUC0599/RNAout/paired-endout/stdFilenames/MUC0599.bam
MUC0600	/s/project/mitoMultiOmics/raw_data/helmholtz/MUC0600/RNAout/paired-endout/stdFilenames/MUC0600.bam
MUC0601	/s/project/mitoMultiOmics/raw_data/helmholtz/MUC0601/RNAout/paired-endout/stdFilenames/MUC0601.bam
MUC0602	/s/project/mitoMultiOmics/raw_data/helmholtz/MUC0602/RNAout/paired-endout/stdFilenames/MUC0602.bam
MUC0603	/s/project/mitoMultiOmics/raw_data/helmholtz/MUC0603/RNAout/paired-endout/stdFilenames/MUC0603.bam
MUC0604	/s/project/mitoMultiOmics/raw_data/helmholtz/MUC0604/RNAout/paired-endout/stdFilenames/MUC0604.bam
MUC0605	/s/project/mitoMultiOmics/raw_data/helmholtz/MUC0605/RNAout/paired-endout/stdFilenames/MUC0605.bam
MUC0606	/s/project/mitoMultiOmics/raw_data/helmholtz/MUC0606/RNAout/paired-endout/stdFilenames/MUC0606.bam
MUC0607	/s/project/mitoMultiOmics/raw_data/helmholtz/MUC0607/RNAout/paired-endout/stdFilenames/MUC0607.bam
MUC0608	/s/project/mitoMultiOmics/raw_data/helmholtz/MUC0608/RNAout/paired-endout/stdFilenames/MUC0608.bam
MUC0609	/s/project/mitoMultiOmics/raw_data/helmholtz/MUC0609/RNAout/paired-endout/stdFilenames/MUC0609.bam
MUC0610	/s/project/mitoMultiOmics/raw_data/helmholtz/MUC0610/RNAout/paired-endout/stdFilenames/MUC0610.bam
MUC0611	/s/project/mitoMultiOmics/raw_data/helmholtz/MUC0611/RNAout/paired-endout/stdFilenames/MUC0611.bam
MUC0612	/s/project/mitoMultiOmics/raw_data/helmholtz/MUC0612/RNAout/paired-endout/stdFilenames/MUC0612.bam
MUC0613	/s/project/mitoMultiOmics/raw_data/helmholtz/MUC0613/RNAout/paired-endout/stdFilenames/MUC0613.bam
MUC0614	/s/project/mitoMultiOmics/raw_data/helmholtz/MUC0614/RNAout/paired-endout/stdFilenames/MUC0614.bam
MUC0615	/s/project/mitoMultiOmics/raw_data/helmholtz/MUC0615/RNAout/paired-endout/stdFilenames/MUC0615.bam
MUC0616	/s/project/mitoMultiOmics/raw_data/helmholtz/MUC0616/RNAout/paired-endout/stdFilenames/MUC0616.bam
MUC0617	/s/project/mitoMultiOmics/raw_data/helmholtz/MUC0617/RNAout/paired-endout/stdFilenames/MUC0617.bam
MUC0618	/s/project/mitoMultiOmics/raw_data/helmholtz/MUC0618/RNAout/paired-endout/stdFilenames/MUC0618.bam
MUC0619	/s/project/mitoMultiOmics/raw_data/helmholtz/MUC0619/RNAout/paired-endout/stdFilenames/MUC0619.bam
MUC0620	/s/project/mitoMultiOmics/raw_data/helmholtz/MUC0620/RNAout/paired-endout/stdFilenames/MUC0620.bam
MUC0621	/s/project/mitoMultiOmics/raw_data/helmholtz/MUC0621/RNAout/paired-endout/stdFilenames/MUC0621.bam
MUC0622	/s/project/mitoMultiOmics/raw_data/helmholtz/MUC0622/RNAout/paired-endout/stdFilenames/MUC0622.bam
MUC0623	/s/project/mitoMultiOmics/raw_data/helmholtz/MUC0623/RNAout/paired-endout/stdFilenames/MUC0623.bam
MUC0624	/s/project/mitoMultiOmics/raw_data/helmholtz/MUC0624/RNAout/paired-endout/stdFilenames/MUC0624.bam
MUC0625	/s/project/mitoMultiOmics/raw_data/helmholtz/MUC0625/RNAout/paired-endout/stdFilenames/MUC0625.bam
MUC0626	/s/project/mitoMultiOmics/raw_data/helmholtz/MUC0626/RNAout/paired-endout/stdFilenames/MUC0626.bam
MUC0627	/s/project/mitoMultiOmics/raw_data/helmholtz/MUC0627/RNAout/paired-endout/stdFilenames/MUC0627.bam
MUC0628	/s/project/mitoMultiOmics/raw_data/helmholtz/MUC0628/RNAout/paired-endout/stdFilenames/MUC0628.bam
MUC0629	/s/project/mitoMultiOmics/raw_data/helmholtz/MUC0629/RNAout/paired-endout/stdFilenames/MUC0629.bam
MUC0630	/s/project/mitoMultiOmics/raw_data/helmholtz/MUC0630/RNAout/paired-endout/stdFilenames/MUC0630.bam
MUC0631	/s/project/mitoMultiOmics/raw_data/helmholtz/MUC0631/RNAout/paired-endout/stdFilenames/MUC0631.bam
MUC0632	/s/project/mitoMultiOmics/raw_data/helmholtz/MUC0632/RNAout/paired-endout/stdFilenames/MUC0632.bam
MUC0633	/s/project/mitoMultiOmics/raw_data/helmholtz/MUC0633/RNAout/paired-endout/stdFilenames/MUC0633.bam
MUC0634	/s/project/mitoMultiOmics/raw_data/helmholtz/MUC0634/RNAout/paired-endout/stdFilenames/MUC0634.bam
MUC0635	/s/project/mitoMultiOmics/raw_data/helmholtz/MUC0635/RNAout/paired-endout/stdFilenames/MUC0635.bam
MUC0636	/s/project/mitoMultiOmics/raw_data/helmholtz/MUC0636/RNAout/paired-endout/stdFilenames/MUC0636.bam
MUC1342	/s/project/mitoMultiOmics/raw_data/helmholtz/MUC1342/RNAout/paired-endout/stdFilenames/MUC1342.bam
MUC1343	/s/project/mitoMultiOmics/raw_data/helmholtz/MUC1343/RNAout/paired-endout/stdFilenames/MUC1343.bam
MUC1344	/s/project/mitoMultiOmics/raw_data/helmholtz/MUC1344/RNAout/paired-endout/stdFilenames/MUC1344.bam
MUC1345	/s/project/mitoMultiOmics/raw_data/helmholtz/MUC1345/RNAout/paired-endout/stdFilenames/MUC1345.bam
MUC1346	/s/project/mitoMultiOmics/raw_data/helmholtz/MUC1346/RNAout/paired-endout/stdFilenames/MUC1346.bam
MUC1347	/s/project/mitoMultiOmics/raw_data/helmholtz/MUC1347/RNAout/paired-endout/stdFilenames/MUC1347.bam
MUC1348	/s/project/mitoMultiOmics/raw_data/helmholtz/MUC1348/RNAout/paired-endout/stdFilenames/MUC1348.bam
MUC1349	/s/project/mitoMultiOmics/raw_data/helmholtz/MUC1349/RNAout/paired-endout/stdFilenames/MUC1349.bam
MUC1350	/s/project/mitoMultiOmics/raw_data/helmholtz/MUC1350/RNAout/paired-endout/stdFilenames/MUC1350.bam
MUC1351	/s/project/mitoMultiOmics/raw_data/helmholtz/MUC1351/RNAout/paired-endout/stdFilenames/MUC1351.bam
MUC1352	/s/project/mitoMultiOmics/raw_data/helmholtz/MUC1352/RNAout/paired-endout/stdFilenames/MUC1352.bam
MUC1353	/s/project/mitoMultiOmics/raw_data/helmholtz/MUC1353/RNAout/paired-endout/stdFilenames/MUC1353.bam
MUC1354	/s/project/mitoMultiOmics/raw_data/helmholtz/MUC1354/RNAout/paired-endout/stdFilenames/MUC1354.bam
MUC1355	/s/project/mitoMultiOmics/raw_data/helmholtz/MUC1355/RNAout/paired-endout/stdFilenames/MUC1355.bam
MUC1356	/s/project/mitoMultiOmics/raw_data/helmholtz/MUC1356/RNAout/paired-endout/stdFilenames/MUC1356.bam
MUC1357	/s/project/mitoMultiOmics/raw_data/helmholtz/MUC1357/RNAout/paired-endout/stdFilenames/MUC1357.bam
MUC1358	/s/project/mitoMultiOmics/raw_data/helmholtz/MUC1358/RNAout/paired-endout/stdFilenames/MUC1358.bam
MUC1359	/s/project/mitoMultiOmics/raw_data/helmholtz/MUC1359/RNAout/paired-endout/stdFilenames/MUC1359.bam
MUC1360	/s/project/mitoMultiOmics/raw_data/helmholtz/MUC1360/RNAout/paired-endout/stdFilenames/MUC1360.bam
MUC1361	/s/project/mitoMultiOmics/raw_data/helmholtz/MUC1361/RNAout/paired-endout/stdFilenames/MUC1361.bam
MUC1362	/s/project/mitoMultiOmics/raw_data/helmholtz/MUC1362/RNAout/paired-endout/stdFilenames/MUC1362.bam
MUC1363	/s/project/mitoMultiOmics/raw_data/helmholtz/MUC1363/RNAout/paired-endout/stdFilenames/MUC1363.bam
MUC1364	/s/project/mitoMultiOmics/raw_data/helmholtz/MUC1364/RNAout/paired-endout/stdFilenames/MUC1364.bam
MUC1365	/s/project/mitoMultiOmics/raw_data/helmholtz/MUC1365/RNAout/paired-endout/stdFilenames/MUC1365.bam
MUC1366	/s/project/mitoMultiOmics/raw_data/helmholtz/MUC1366/RNAout/paired-endout/stdFilenames/MUC1366.bam
MUC1367	/s/project/mitoMultiOmics/raw_data/helmholtz/MUC1367/RNAout/paired-endout/stdFilenames/MUC1367.bam
MUC1368	/s/project/mitoMultiOmics/raw_data/helmholtz/MUC1368/RNAout/paired-endout/stdFilenames/MUC1368.bam
MUC1369	/s/project/mitoMultiOmics/raw_data/helmholtz/MUC1369/RNAout/paired-endout/stdFilenames/MUC1369.bam
MUC1370	/s/project/mitoMultiOmics/raw_data/helmholtz/MUC1370/RNAout/paired-endout/stdFilenames/MUC1370.bam
MUC1371	/s/project/mitoMultiOmics/raw_data/helmholtz/MUC1371/RNAout/paired-endout/stdFilenames/MUC1371.bam
MUC1372	/s/project/mitoMultiOmics/raw_data/helmholtz/MUC1372/RNAout/paired-endout/stdFilenames/MUC1372.bam
MUC1373	/s/project/mitoMultiOmics/raw_data/helmholtz/MUC1373/RNAout/paired-endout/stdFilenames/MUC1373.bam
MUC1374	/s/project/mitoMultiOmics/raw_data/helmholtz/MUC1374/RNAout/paired-endout/stdFilenames/MUC1374.bam
MUC1375	/s/project/mitoMultiOmics/raw_data/helmholtz/MUC1375/RNAout/paired-endout/stdFilenames/MUC1375.bam
MUC1376	/s/project/mitoMultiOmics/raw_data/helmholtz/MUC1376/RNAout/paired-endout/stdFilenames/MUC1376.bam
MUC1377	/s/project/mitoMultiOmics/raw_data/helmholtz/MUC1377/RNAout/paired-endout/stdFilenames/MUC1377.bam
MUC1378	/s/project/mitoMultiOmics/raw_data/helmholtz/MUC1378/RNAout/paired-endout/stdFilenames/MUC1378.bam
MUC1379	/s/project/mitoMultiOmics/raw_data/helmholtz/MUC1379/RNAout/paired-endout/stdFilenames/MUC1379.bam
MUC1380	/s/project/mitoMultiOmics/raw_data/helmholtz/MUC1380/RNAout/paired-endout/stdFilenames/MUC1380.bam
MUC1381	/s/project/mitoMultiOmics/raw_data/helmholtz/MUC1381/RNAout/paired-endout/stdFilenames/MUC1381.bam
MUC1382	/s/project/mitoMultiOmics/raw_data/helmholtz/MUC1382/RNAout/paired-endout/stdFilenames/MUC1382.bam
MUC1383	/s/project/mitoMultiOmics/raw_data/helmholtz/MUC1383/RNAout/paired-endout/stdFilenames/MUC1383.bam
MUC1384	/s/project/mitoMultiOmics/raw_data/helmholtz/MUC1384/RNAout/paired-endout/stdFilenames/MUC1384.bam
MUC1385	/s/project/mitoMultiOmics/raw_data/helmholtz/MUC1385/RNAout/paired-endout/stdFilenames/MUC1385.bam
MUC1386	/s/project/mitoMultiOmics/raw_data/helmholtz/MUC1386/RNAout/paired-endout/stdFilenames/MUC1386.bam
MUC1387	/s/project/mitoMultiOmics/raw_data/helmholtz/MUC1387/RNAout/paired-endout/stdFilenames/MUC1387.bam
MUC1388	/s/project/mitoMultiOmics/raw_data/helmholtz/MUC1388/RNAout/paired-endout/stdFilenames/MUC1388.bam
MUC1389	/s/project/mitoMultiOmics/raw_data/helmholtz/MUC1389/RNAout/paired-endout/stdFilenames/MUC1389.bam
MUC1390	/s/project/mitoMultiOmics/raw_data/helmholtz/MUC1390/RNAout/paired-endout/stdFilenames/MUC1390.bam
MUC1391	/s/project/mitoMultiOmics/raw_data/helmholtz/MUC1391/RNAout/paired-endout/stdFilenames/MUC1391.bam
MUC1392	/s/project/mitoMultiOmics/raw_data/helmholtz/MUC1392/RNAout/paired-endout/stdFilenames/MUC1392.bam
MUC1393	/s/project/mitoMultiOmics/raw_data/helmholtz/MUC1393/RNAout/paired-endout/stdFilenames/MUC1393.bam
MUC1394	/s/project/mitoMultiOmics/raw_data/helmholtz/MUC1394/RNAout/paired-endout/stdFilenames/MUC1394.bam
MUC1395	/s/project/mitoMultiOmics/raw_data/helmholtz/MUC1395/RNAout/paired-endout/stdFilenames/MUC1395.bam
MUC1396	/s/project/mitoMultiOmics/raw_data/helmholtz/MUC1396/RNAout/paired-endout/stdFilenames/MUC1396.bam
MUC1397	/s/project/mitoMultiOmics/raw_data/helmholtz/MUC1397/RNAout/paired-endout/stdFilenames/MUC1397.bam
MUC1398	/s/project/mitoMultiOmics/raw_data/helmholtz/MUC1398/RNAout/paired-endout/stdFilenames/MUC1398.bam
MUC1399	/s/project/mitoMultiOmics/raw_data/helmholtz/MUC1399/RNAout/paired-endout/stdFilenames/MUC1399.bam
MUC1400	/s/project/mitoMultiOmics/raw_data/helmholtz/MUC1400/RNAout/paired-endout/stdFilenames/MUC1400.bam
MUC1401	/s/project/mitoMultiOmics/raw_data/helmholtz/MUC1401/RNAout/paired-endout/stdFilenames/MUC1401.bam
MUC1402	/s/project/mitoMultiOmics/raw_data/helmholtz/MUC1402/RNAout/paired-endout/stdFilenames/MUC1402.bam
MUC1403	/s/project/mitoMultiOmics/raw_data/helmholtz/MUC1403/RNAout/paired-endout/stdFilenames/MUC1403.bam
MUC1404	/s/project/mitoMultiOmics/raw_data/helmholtz/MUC1404/RNAout/paired-endout/stdFilenames/MUC1404.bam
MUC1405	/s/project/mitoMultiOmics/raw_data/helmholtz/MUC1405/RNAout/paired-endout/stdFilenames/MUC1405.bam
MUC1406	/s/project/mitoMultiOmics/raw_data/helmholtz/MUC1406/RNAout/paired-endout/stdFilenames/MUC1406.bam
MUC1407	/s/project/mitoMultiOmics/raw_data/helmholtz/MUC1407/RNAout/paired-endout/stdFilenames/MUC1407.bam
MUC1408	/s/project/mitoMultiOmics/raw_data/helmholtz/MUC1408/RNAout/paired-endout/stdFilenames/MUC1408.bam
MUC1409	/s/project/mitoMultiOmics/raw_data/helmholtz/MUC1409/RNAout/paired-endout/stdFilenames/MUC1409.bam
MUC1410	/s/project/mitoMultiOmics/raw_data/helmholtz/MUC1410/RNAout/paired-endout/stdFilenames/MUC1410.bam
MUC1411	/s/project/mitoMultiOmics/raw_data/helmholtz/MUC1411/RNAout/paired-endout/stdFilenames/MUC1411.bam
MUC1412	/s/project/mitoMultiOmics/raw_data/helmholtz/MUC1412/RNAout/paired-endout/stdFilenames/MUC1412.bam
MUC1413	/s/project/mitoMultiOmics/raw_data/helmholtz/MUC1413/RNAout/paired-endout/stdFilenames/MUC1413.bam
MUC1414	/s/project/mitoMultiOmics/raw_data/helmholtz/MUC1414/RNAout/paired-endout/stdFilenames/MUC1414.bam
MUC1415	/s/project/mitoMultiOmics/raw_data/helmholtz/MUC1415/RNAout/paired-endout/stdFilenames/MUC1415.bam
MUC1416	/s/project/mitoMultiOmics/raw_data/helmholtz/MUC1416/RNAout/paired-endout/stdFilenames/MUC1416.bam
MUC1417	/s/project/mitoMultiOmics/raw_data/helmholtz/MUC1417/RNAout/paired-endout/stdFilenames/MUC1417.bam
MUC1418	/s/project/mitoMultiOmics/raw_data/helmholtz/MUC1418/RNAout/paired-endout/stdFilenames/MUC1418.bam
MUC1419	/s/project/mitoMultiOmics/raw_data/helmholtz/MUC1419/RNAout/paired-endout/stdFilenames/MUC1419.bam
MUC1420	/s/project/mitoMultiOmics/raw_data/helmholtz/MUC1420/RNAout/paired-endout/stdFilenames/MUC1420.bam
MUC1421	/s/project/mitoMultiOmics/raw_data/helmholtz/MUC1421/RNAout/paired-endout/stdFilenames/MUC1421.bam
MUC1422	/s/project/mitoMultiOmics/raw_data/helmholtz/MUC1422/RNAout/paired-endout/stdFilenames/MUC1422.bam
MUC1423	/s/project/mitoMultiOmics/raw_data/helmholtz/MUC1423/RNAout/paired-endout/stdFilenames/MUC1423.bam
MUC1424	/s/project/mitoMultiOmics/raw_data/helmholtz/MUC1424/RNAout/paired-endout/stdFilenames/MUC1424.bam
MUC1425	/s/project/mitoMultiOmics/raw_data/helmholtz/MUC1425/RNAout/paired-endout/stdFilenames/MUC1425.bam
MUC1426	/s/project/mitoMultiOmics/raw_data/helmholtz/MUC1426/RNAout/paired-endout/stdFilenames/MUC1426.bam
MUC1427	/s/project/mitoMultiOmics/raw_data/helmholtz/MUC1427/RNAout/paired-endout/stdFilenames/MUC1427.bam
MUC1428	/s/project/mitoMultiOmics/raw_data/helmholtz/MUC1428/RNAout/paired-endout/stdFilenames/MUC1428.bam
MUC1429	/s/project/mitoMultiOmics/raw_data/helmholtz/MUC1429/RNAout/paired-endout/stdFilenames/MUC1429.bam
MUC1430	/s/project/mitoMultiOmics/raw_data/helmholtz/MUC1430/RNAout/paired-endout/stdFilenames/MUC1430.bam
MUC1431	/s/project/mitoMultiOmics/raw_data/helmholtz/MUC1431/RNAout/paired-endout/stdFilenames/MUC1431.bam
MUC1432	/s/project/mitoMultiOmics/raw_data/helmholtz/MUC1432/RNAout/paired-endout/stdFilenames/MUC1432.bam
MUC1433	/s/project/mitoMultiOmics/raw_data/helmholtz/MUC1433/RNAout/paired-endout/stdFilenames/MUC1433.bam
MUC1434	/s/project/mitoMultiOmics/raw_data/helmholtz/MUC1434/RNAout/paired-endout/stdFilenames/MUC1434.bam
MUC1435	/s/project/mitoMultiOmics/raw_data/helmholtz/MUC1435/RNAout/paired-endout/stdFilenames/MUC1435.bam
MUC1436	/s/project/mitoMultiOmics/raw_data/helmholtz/MUC1436/RNAout/paired-endout/stdFilenames/MUC1436.bam
MUC1437	/s/project/mitoMultiOmics/raw_data/helmholtz/MUC1437/RNAout/paired-endout/stdFilenames/MUC1437.bam
MUC1449	/s/project/mitoMultiOmics/raw_data/helmholtz/MUC1449/RNAout/paired-endout/stdFilenames/MUC1449.bam
MUC1450	/s/project/mitoMultiOmics/raw_data/helmholtz/MUC1450/RNAout/paired-endout/stdFilenames/MUC1450.bam
MUC1451	/s/project/mitoMultiOmics/raw_data/helmholtz/MUC1451/RNAout/paired-endout/stdFilenames/MUC1451.bam
MUC1452	/s/project/mitoMultiOmics/raw_data/helmholtz/MUC1452/RNAout/paired-endout/stdFilenames/MUC1452.bam
MUC1453	/s/project/mitoMultiOmics/raw_data/helmholtz/MUC1453/RNAout/paired-endout/stdFilenames/MUC1453.bam
MUC1454	/s/project/mitoMultiOmics/raw_data/helmholtz/MUC1454/RNAout/paired-endout/stdFilenames/MUC1454.bam
MUC1455	/s/project/mitoMultiOmics/raw_data/helmholtz/MUC1455/RNAout/paired-endout/stdFilenames/MUC1455.bam
MUC1456	/s/project/mitoMultiOmics/raw_data/helmholtz/MUC1456/RNAout/paired-endout/stdFilenames/MUC1456.bam
MUC1457	/s/project/mitoMultiOmics/raw_data/helmholtz/MUC1457/RNAout/paired-endout/stdFilenames/MUC1457.bam
MUC1458	/s/project/mitoMultiOmics/raw_data/helmholtz/MUC1458/RNAout/paired-endout/stdFilenames/MUC1458.bam
MUC1459	/s/project/mitoMultiOmics/raw_data/helmholtz/MUC1459/RNAout/paired-endout/stdFilenames/MUC1459.bam
MUC1460	/s/project/mitoMultiOmics/raw_data/helmholtz/MUC1460/RNAout/paired-endout/stdFilenames/MUC1460.bam
MUC1461	/s/project/mitoMultiOmics/raw_data/helmholtz/MUC1461/RNAout/paired-endout/stdFilenames/MUC1461.bam
MUC1462	/s/project/mitoMultiOmics/raw_data/helmholtz/MUC1462/RNAout/paired-endout/stdFilenames/MUC1462.bam
MUC1463	/s/project/mitoMultiOmics/raw_data/helmholtz/MUC1463/RNAout/paired-endout/stdFilenames/MUC1463.bam
MUC1464	/s/project/mitoMultiOmics/raw_data/helmholtz/MUC1464/RNAout/paired-endout/stdFilenames/MUC1464.bam
MUC1465	/s/project/mitoMultiOmics/raw_data/helmholtz/MUC1465/RNAout/paired-endout/stdFilenames/MUC1465.bam
MUC1466	/s/project/mitoMultiOmics/raw_data/helmholtz/MUC1466/RNAout/paired-endout/stdFilenames/MUC1466.bam
MUC1467	/s/project/mitoMultiOmics/raw_data/helmholtz/MUC1467/RNAout/paired-endout/stdFilenames/MUC1467.bam
MUC1468	/s/project/mitoMultiOmics/raw_data/helmholtz/MUC1468/RNAout/paired-endout/stdFilenames/MUC1468.bam
MUC1469	/s/project/mitoMultiOmics/raw_data/helmholtz/MUC1469/RNAout/paired-endout/stdFilenames/MUC1469.bam
MUC1470	/s/project/mitoMultiOmics/raw_data/helmholtz/MUC1470/RNAout/paired-endout/stdFilenames/MUC1470.bam
MUC1471	/s/project/mitoMultiOmics/raw_data/helmholtz/MUC1471/RNAout/paired-endout/stdFilenames/MUC1471.bam
MUC1472	/s/project/mitoMultiOmics/raw_data/helmholtz/MUC1472/RNAout/paired-endout/stdFilenames/MUC1472.bam
MUC1473	/s/project/mitoMultiOmics/raw_data/helmholtz/MUC1473/RNAout/paired-endout/stdFilenames/MUC1473.bam
MUC1474	/s/project/mitoMultiOmics/raw_data/helmholtz/MUC1474/RNAout/paired-endout/stdFilenames/MUC1474.bam
MUC1475	/s/project/mitoMultiOmics/raw_data/helmholtz/MUC1475/RNAout/paired-endout/stdFilenames/MUC1475.bam
MUC1476	/s/project/mitoMultiOmics/raw_data/helmholtz/MUC1476/RNAout/paired-endout/stdFilenames/MUC1476.bam
MUC1477	/s/project/mitoMultiOmics/raw_data/helmholtz/MUC1477/RNAout/paired-endout/stdFilenames/MUC1477.bam
MUC1478	/s/project/mitoMultiOmics/raw_data/helmholtz/MUC1478/RNAout/paired-endout/stdFilenames/MUC1478.bam
MUC1479	/s/project/mitoMultiOmics/raw_data/helmholtz/MUC1479/RNAout/paired-endout/stdFilenames/MUC1479.bam
MUC1480	/s/project/mitoMultiOmics/raw_data/helmholtz/MUC1480/RNAout/paired-endout/stdFilenames/MUC1480.bam
MUC1481	/s/project/mitoMultiOmics/raw_data/helmholtz/MUC1481/RNAout/paired-endout/stdFilenames/MUC1481.bam
MUC1482	/s/project/mitoMultiOmics/raw_data/helmholtz/MUC1482/RNAout/paired-endout/stdFilenames/MUC1482.bam
MUC1483	/s/project/mitoMultiOmics/raw_data/helmholtz/MUC1483/RNAout/paired-endout/stdFilenames/MUC1483.bam
MUC1484	/s/project/mitoMultiOmics/raw_data/helmholtz/MUC1484/RNAout/paired-endout/stdFilenames/MUC1484.bam
MUC1485	/s/project/mitoMultiOmics/raw_data/helmholtz/MUC1485/RNAout/paired-endout/stdFilenames/MUC1485.bam
MUC1486	/s/project/mitoMultiOmics/raw_data/helmholtz/MUC1486/RNAout/paired-endout/stdFilenames/MUC1486.bam
MUC1487	/s/project/mitoMultiOmics/raw_data/helmholtz/MUC1487/RNAout/paired-endout/stdFilenames/MUC1487.bam
MUC1488	/s/project/mitoMultiOmics/raw_data/helmholtz/MUC1488/RNAout/paired-endout/stdFilenames/MUC1488.bam
MUC1489	/s/project/mitoMultiOmics/raw_data/helmholtz/MUC1489/RNAout/paired-endout/stdFilenames/MUC1489.bam
MUC1490	/s/project/mitoMultiOmics/raw_data/helmholtz/MUC1490/RNAout/paired-endout/stdFilenames/MUC1490.bam
MUC1491	/s/project/mitoMultiOmics/raw_data/helmholtz/MUC1491/RNAout/paired-endout/stdFilenames/MUC1491.bam
MUC1492	/s/project/mitoMultiOmics/raw_data/helmholtz/MUC1492/RNAout/paired-endout/stdFilenames/MUC1492.bam
MUC1493	/s/project/mitoMultiOmics/raw_data/helmholtz/MUC1493/RNAout/paired-endout/stdFilenames/MUC1493.bam
MUC1494	/s/project/mitoMultiOmics/raw_data/helmholtz/MUC1494/RNAout/paired-endout/stdFilenames/MUC1494.bam
MUC1495	/s/project/mitoMultiOmics/raw_data/helmholtz/MUC1495/RNAout/paired-endout/stdFilenames/MUC1495.bam
MUC1496	/s/project/mitoMultiOmics/raw_data/helmholtz/MUC1496/RNAout/paired-endout/stdFilenames/MUC1496.bam
MUC1497	/s/project/mitoMultiOmics/raw_data/helmholtz/MUC1497/RNAout/paired-endout/stdFilenames/MUC1497.bam
MUC1498	/s/project/mitoMultiOmics/raw_data/helmholtz/MUC1498/RNAout/paired-endout/stdFilenames/MUC1498.bam
MUC1499	/s/project/mitoMultiOmics/raw_data/helmholtz/MUC1499/RNAout/paired-endout/stdFilenames/MUC1499.bam
MUC1500	/s/project/mitoMultiOmics/raw_data/helmholtz/MUC1500/RNAout/paired-endout/stdFilenames/MUC1500.bam
MUC1501	/s/project/mitoMultiOmics/raw_data/helmholtz/MUC1501/RNAout/paired-endout/stdFilenames/MUC1501.bam
MUC1502	/s/project/mitoMultiOmics/raw_data/helmholtz/MUC1502/RNAout/paired-endout/stdFilenames/MUC1502.bam
MUC1503	/s/project/mitoMultiOmics/raw_data/helmholtz/MUC1503/RNAout/paired-endout/stdFilenames/MUC1503.bam
MUC1504	/s/project/mitoMultiOmics/raw_data/helmholtz/MUC1504/RNAout/paired-endout/stdFilenames/MUC1504.bam
MUC1505	/s/project/mitoMultiOmics/raw_data/helmholtz/MUC1505/RNAout/paired-endout/stdFilenames/MUC1505.bam
MUC1506	/s/project/mitoMultiOmics/raw_data/helmholtz/MUC1506/RNAout/paired-endout/stdFilenames/MUC1506.bam
MUC1507	/s/project/mitoMultiOmics/raw_data/helmholtz/MUC1507/RNAout/paired-endout/stdFilenames/MUC1507.bam
MUC1508	/s/project/mitoMultiOmics/raw_data/helmholtz/MUC1508/RNAout/paired-endout/stdFilenames/MUC1508.bam
MUC1509	/s/project/mitoMultiOmics/raw_data/helmholtz/MUC1509/RNAout/paired-endout/stdFilenames/MUC1509.bam
MUC1510	/s/project/mitoMultiOmics/raw_data/helmholtz/MUC1510/RNAout/paired-endout/stdFilenames/MUC1510.bam
MUC1511	/s/project/mitoMultiOmics/raw_data/helmholtz/MUC1511/RNAout/paired-endout/stdFilenames/MUC1511.bam
MUC1512	/s/project/mitoMultiOmics/raw_data/helmholtz/MUC1512/RNAout/paired-endout/stdFilenames/MUC1512.bam
MUC1513	/s/project/mitoMultiOmics/raw_data/helmholtz/MUC1513/RNAout/paired-endout/stdFilenames/MUC1513.bam
MUC1514	/s/project/mitoMultiOmics/raw_data/helmholtz/MUC1514/RNAout/paired-endout/stdFilenames/MUC1514.bam
MUC1515	/s/project/mitoMultiOmics/raw_data/helmholtz/MUC1515/RNAout/paired-endout/stdFilenames/MUC1515.bam
MUC1516	/s/project/mitoMultiOmics/raw_data/helmholtz/MUC1516/RNAout/paired-endout/stdFilenames/MUC1516.bam
MUC1517	/s/project/mitoMultiOmics/raw_data/helmholtz/MUC1517/RNAout/paired-endout/stdFilenames/MUC1517.bam
MUC1518	/s/project/mitoMultiOmics/raw_data/helmholtz/MUC1518/RNAout/paired-endout/stdFilenames/MUC1518.bam
MUC1519	/s/project/mitoMultiOmics/raw_data/helmholtz/MUC1519/RNAout/paired-endout/stdFilenames/MUC1519.bam
MUC1520	/s/project/mitoMultiOmics/raw_data/helmholtz/MUC1520/RNAout/paired-endout/stdFilenames/MUC1520.bam
MUC1521	/s/project/mitoMultiOmics/raw_data/helmholtz/MUC1521/RNAout/paired-endout/stdFilenames/MUC1521.bam
MUC1522	/s/project/mitoMultiOmics/raw_data/helmholtz/MUC1522/RNAout/paired-endout/stdFilenames/MUC1522.bam
MUC1523	/s/project/mitoMultiOmics/raw_data/helmholtz/MUC1523/RNAout/paired-endout/stdFilenames/MUC1523.bam
MUC1524	/s/project/mitoMultiOmics/raw_data/helmholtz/MUC1524/RNAout/paired-endout/stdFilenames/MUC1524.bam
MUC1525	/s/project/mitoMultiOmics/raw_data/helmholtz/MUC1525/RNAout/paired-endout/stdFilenames/MUC1525.bam
MUC1526	/s/project/mitoMultiOmics/raw_data/helmholtz/MUC1526/RNAout/paired-endout/stdFilenames/MUC1526.bam
MUC1527	/s/project/mitoMultiOmics/raw_data/helmholtz/MUC1527/RNAout/paired-endout/stdFilenames/MUC1527.bam
MUC1528	/s/project/mitoMultiOmics/raw_data/helmholtz/MUC1528/RNAout/paired-endout/stdFilenames/MUC1528.bam
MUC1530	/s/project/mitoMultiOmics/raw_data/helmholtz/MUC1530/RNAout/paired-endout/stdFilenames/MUC1530.bam
MUC1532	/s/project/mitoMultiOmics/raw_data/helmholtz/MUC1532/RNAout/paired-endout/stdFilenames/MUC1532.bam
MUC1533	/s/project/mitoMultiOmics/raw_data/helmholtz/MUC1533/RNAout/paired-endout/stdFilenames/MUC1533.bam
MUC1534	/s/project/mitoMultiOmics/raw_data/helmholtz/MUC1534/RNAout/paired-endout/stdFilenames/MUC1534.bam
MUC1535	/s/project/mitoMultiOmics/raw_data/helmholtz/MUC1535/RNAout/paired-endout/stdFilenames/MUC1535.bam
MUC1536	/s/project/mitoMultiOmics/raw_data/helmholtz/MUC1536/RNAout/paired-endout/stdFilenames/MUC1536.bam
MUC1537	/s/project/mitoMultiOmics/raw_data/helmholtz/MUC1537/RNAout/paired-endout/stdFilenames/MUC1537.bam
MUC1538	/s/project/mitoMultiOmics/raw_data/helmholtz/MUC1538/RNAout/paired-endout/stdFilenames/MUC1538.bam
MUC1539	/s/project/mitoMultiOmics/raw_data/helmholtz/MUC1539/RNAout/paired-endout/stdFilenames/MUC1539.bam
MUC1540	/s/project/mitoMultiOmics/raw_data/helmholtz/MUC1540/RNAout/paired-endout/stdFilenames/MUC1540.bam
MUC1541	/s/project/mitoMultiOmics/raw_data/helmholtz/MUC1541/RNAout/paired-endout/stdFilenames/MUC1541.bam
MUC1542	/s/project/mitoMultiOmics/raw_data/helmholtz/MUC1542/RNAout/paired-endout/stdFilenames/MUC1542.bam
MUC1543	/s/project/mitoMultiOmics/raw_data/helmholtz/MUC1543/RNAout/paired-endout/stdFilenames/MUC1543.bam
MUC1544	/s/project/mitoMultiOmics/raw_data/helmholtz/MUC1544/RNAout/paired-endout/stdFilenames/MUC1544.bam
MUC1650	/s/project/mitoMultiOmics/raw_data/helmholtz/MUC1650/RNAout/paired-endout/stdFilenames/MUC1650.bam
MUC1651	/s/project/mitoMultiOmics/raw_data/helmholtz/MUC1651/RNAout/paired-endout/stdFilenames/MUC1651.bam
MUC1652	/s/project/mitoMultiOmics/raw_data/helmholtz/MUC1652/RNAout/paired-endout/stdFilenames/MUC1652.bam
MUC1653	/s/project/mitoMultiOmics/raw_data/helmholtz/MUC1653/RNAout/paired-endout/stdFilenames/MUC1653.bam
MUC1654	/s/project/mitoMultiOmics/raw_data/helmholtz/MUC1654/RNAout/paired-endout/stdFilenames/MUC1654.bam
MUC1655	/s/project/mitoMultiOmics/raw_data/helmholtz/MUC1655/RNAout/paired-endout/stdFilenames/MUC1655.bam
MUC1656	/s/project/mitoMultiOmics/raw_data/helmholtz/MUC1656/RNAout/paired-endout/stdFilenames/MUC1656.bam
MUC1657	/s/project/mitoMultiOmics/raw_data/helmholtz/MUC1657/RNAout/paired-endout/stdFilenames/MUC1657.bam
MUC1658	/s/project/mitoMultiOmics/raw_data/helmholtz/MUC1658/RNAout/paired-endout/stdFilenames/MUC1658.bam
MUC1659	/s/project/mitoMultiOmics/raw_data/helmholtz/MUC1659/RNAout/paired-endout/stdFilenames/MUC1659.bam
MUC1660	/s/project/mitoMultiOmics/raw_data/helmholtz/MUC1660/RNAout/paired-endout/stdFilenames/MUC1660.bam
MUC1661	/s/project/mitoMultiOmics/raw_data/helmholtz/MUC1661/RNAout/paired-endout/stdFilenames/MUC1661.bam
MUC1662	/s/project/mitoMultiOmics/raw_data/helmholtz/MUC1662/RNAout/paired-endout/stdFilenames/MUC1662.bam
MUC1663	/s/project/mitoMultiOmics/raw_data/helmholtz/MUC1663/RNAout/paired-endout/stdFilenames/MUC1663.bam
MUC1664	/s/project/mitoMultiOmics/raw_data/helmholtz/MUC1664/RNAout/paired-endout/stdFilenames/MUC1664.bam
MUC1665	/s/project/mitoMultiOmics/raw_data/helmholtz/MUC1665/RNAout/paired-endout/stdFilenames/MUC1665.bam
MUC1666	/s/project/mitoMultiOmics/raw_data/helmholtz/MUC1666/RNAout/paired-endout/stdFilenames/MUC1666.bam
MUC1667	/s/project/mitoMultiOmics/raw_data/helmholtz/MUC1667/RNAout/paired-endout/stdFilenames/MUC1667.bam
MUC1668	/s/project/mitoMultiOmics/raw_data/helmholtz/MUC1668/RNAout/paired-endout/stdFilenames/MUC1668.bam
MUC1669	/s/project/mitoMultiOmics/raw_data/helmholtz/MUC1669/RNAout/paired-endout/stdFilenames/MUC1669.bam
MUC1670	/s/project/mitoMultiOmics/raw_data/helmholtz/MUC1670/RNAout/paired-endout/stdFilenames/MUC1670.bam
MUC1671	/s/project/mitoMultiOmics/raw_data/helmholtz/MUC1671/RNAout/paired-endout/stdFilenames/MUC1671.bam
MUC1672	/s/project/mitoMultiOmics/raw_data/helmholtz/MUC1672/RNAout/paired-endout/stdFilenames/MUC1672.bam
MUC1673	/s/project/mitoMultiOmics/raw_data/helmholtz/MUC1673/RNAout/paired-endout/stdFilenames/MUC1673.bam
MUC1674	/s/project/mitoMultiOmics/raw_data/helmholtz/MUC1674/RNAout/paired-endout/stdFilenames/MUC1674.bam
MUC1675	/s/project/mitoMultiOmics/raw_data/helmholtz/MUC1675/RNAout/paired-endout/stdFilenames/MUC1675.bam
MUC1676	/s/project/mitoMultiOmics/raw_data/helmholtz/MUC1676/RNAout/paired-endout/stdFilenames/MUC1676.bam
MUC1677	/s/project/mitoMultiOmics/raw_data/helmholtz/MUC1677/RNAout/paired-endout/stdFilenames/MUC1677.bam
MUC1678	/s/project/mitoMultiOmics/raw_data/helmholtz/MUC1678/RNAout/paired-endout/stdFilenames/MUC1678.bam
MUC1679	/s/project/mitoMultiOmics/raw_data/helmholtz/MUC1679/RNAout/paired-endout/stdFilenames/MUC1679.bam
MUC1680	/s/project/mitoMultiOmics/raw_data/helmholtz/MUC1680/RNAout/paired-endout/stdFilenames/MUC1680.bam
MUC1681	/s/project/mitoMultiOmics/raw_data/helmholtz/MUC1681/RNAout/paired-endout/stdFilenames/MUC1681.bam
MUC1682	/s/project/mitoMultiOmics/raw_data/helmholtz/MUC1682/RNAout/paired-endout/stdFilenames/MUC1682.bam
MUC1683	/s/project/mitoMultiOmics/raw_data/helmholtz/MUC1683/RNAout/paired-endout/stdFilenames/MUC1683.bam
MUC1684	/s/project/mitoMultiOmics/raw_data/helmholtz/MUC1684/RNAout/paired-endout/stdFilenames/MUC1684.bam
MUC1685	/s/project/mitoMultiOmics/raw_data/helmholtz/MUC1685/RNAout/paired-endout/stdFilenames/MUC1685.bam
MUC1686	/s/project/mitoMultiOmics/raw_data/helmholtz/MUC1686/RNAout/paired-endout/stdFilenames/MUC1686.bam
MUC1687	/s/project/mitoMultiOmics/raw_data/helmholtz/MUC1687/RNAout/paired-endout/stdFilenames/MUC1687.bam
MUC1688	/s/project/mitoMultiOmics/raw_data/helmholtz/MUC1688/RNAout/paired-endout/stdFilenames/MUC1688.bam
MUC1689	/s/project/mitoMultiOmics/raw_data/helmholtz/MUC1689/RNAout/paired-endout/stdFilenames/MUC1689.bam
MUC1690	/s/project/mitoMultiOmics/raw_data/helmholtz/MUC1690/RNAout/paired-endout/stdFilenames/MUC1690.bam
MUC1691	/s/project/mitoMultiOmics/raw_data/helmholtz/MUC1691/RNAout/paired-endout/stdFilenames/MUC1691.bam
MUC1692	/s/project/mitoMultiOmics/raw_data/helmholtz/MUC1692/RNAout/paired-endout/stdFilenames/MUC1692.bam
MUC1693	/s/project/mitoMultiOmics/raw_data/helmholtz/MUC1693/RNAout/paired-endout/stdFilenames/MUC1693.bam
MUC1694	/s/project/mitoMultiOmics/raw_data/helmholtz/MUC1694/RNAout/paired-endout/stdFilenames/MUC1694.bam
MUC1695	/s/project/mitoMultiOmics/raw_data/helmholtz/MUC1695/RNAout/paired-endout/stdFilenames/MUC1695.bam
MUC1696	/s/project/mitoMultiOmics/raw_data/helmholtz/MUC1696/RNAout/paired-endout/stdFilenames/MUC1696.bam
MUC1697	/s/project/mitoMultiOmics/raw_data/helmholtz/MUC1697/RNAout/paired-endout/stdFilenames/MUC1697.bam
MUC1698	/s/project/mitoMultiOmics/raw_data/helmholtz/MUC1698/RNAout/paired-endout/stdFilenames/MUC1698.bam
MUC1699	/s/project/mitoMultiOmics/raw_data/helmholtz/MUC1699/RNAout/paired-endout/stdFilenames/MUC1699.bam
MUC1700	/s/project/mitoMultiOmics/raw_data/helmholtz/MUC1700/RNAout/paired-endout/stdFilenames/MUC1700.bam
MUC1701	/s/project/mitoMultiOmics/raw_data/helmholtz/MUC1701/RNAout/paired-endout/stdFilenames/MUC1701.bam
MUC1702	/s/project/mitoMultiOmics/raw_data/helmholtz/MUC1702/RNAout/paired-endout/stdFilenames/MUC1702.bam
MUC1703	/s/project/mitoMultiOmics/raw_data/helmholtz/MUC1703/RNAout/paired-endout/stdFilenames/MUC1703.bam
MUC1704	/s/project/mitoMultiOmics/raw_data/helmholtz/MUC1704/RNAout/paired-endout/stdFilenames/MUC1704.bam
MUC1705	/s/project/mitoMultiOmics/raw_data/helmholtz/MUC1705/RNAout/paired-endout/stdFilenames/MUC1705.bam
MUC1706	/s/project/mitoMultiOmics/raw_data/helmholtz/MUC1706/RNAout/paired-endout/stdFilenames/MUC1706.bam
MUC1707	/s/project/mitoMultiOmics/raw_data/helmholtz/MUC1707/RNAout/paired-endout/stdFilenames/MUC1707.bam
MUC1708	/s/project/mitoMultiOmics/raw_data/helmholtz/MUC1708/RNAout/paired-endout/stdFilenames/MUC1708.bam
MUC1709	/s/project/mitoMultiOmics/raw_data/helmholtz/MUC1709/RNAout/paired-endout/stdFilenames/MUC1709.bam
MUC1710	/s/project/mitoMultiOmics/raw_data/helmholtz/MUC1710/RNAout/paired-endout/stdFilenames/MUC1710.bam
MUC1711	/s/project/mitoMultiOmics/raw_data/helmholtz/MUC1711/RNAout/paired-endout/stdFilenames/MUC1711.bam
MUC1712	/s/project/mitoMultiOmics/raw_data/helmholtz/MUC1712/RNAout/paired-endout/stdFilenames/MUC1712.bam
MUC1713	/s/project/mitoMultiOmics/raw_data/helmholtz/MUC1713/RNAout/paired-endout/stdFilenames/MUC1713.bam
MUC1714	/s/project/mitoMultiOmics/raw_data/helmholtz/MUC1714/RNAout/paired-endout/stdFilenames/MUC1714.bam
MUC1715	/s/project/mitoMultiOmics/raw_data/helmholtz/MUC1715/RNAout/paired-endout/stdFilenames/MUC1715.bam
MUC1716	/s/project/mitoMultiOmics/raw_data/helmholtz/MUC1716/RNAout/paired-endout/stdFilenames/MUC1716.bam
MUC1717	/s/project/mitoMultiOmics/raw_data/helmholtz/MUC1717/RNAout/paired-endout/stdFilenames/MUC1717.bam
MUC1718	/s/project/mitoMultiOmics/raw_data/helmholtz/MUC1718/RNAout/paired-endout/stdFilenames/MUC1718.bam
MUC1719	/s/project/mitoMultiOmics/raw_data/helmholtz/MUC1719/RNAout/paired-endout/stdFilenames/MUC1719.bam
MUC1720	/s/project/mitoMultiOmics/raw_data/helmholtz/MUC1720/RNAout/paired-endout/stdFilenames/MUC1720.bam
MUC1721	/s/project/mitoMultiOmics/raw_data/helmholtz/MUC1721/RNAout/paired-endout/stdFilenames/MUC1721.bam
MUC1722	/s/project/mitoMultiOmics/raw_data/helmholtz/MUC1722/RNAout/paired-endout/stdFilenames/MUC1722.bam
MUC1723	/s/project/mitoMultiOmics/raw_data/helmholtz/MUC1723/RNAout/paired-endout/stdFilenames/MUC1723.bam
MUC1724	/s/project/mitoMultiOmics/raw_data/helmholtz/MUC1724/RNAout/paired-endout/stdFilenames/MUC1724.bam
MUC1725	/s/project/mitoMultiOmics/raw_data/helmholtz/MUC1725/RNAout/paired-endout/stdFilenames/MUC1725.bam
MUC1726	/s/project/mitoMultiOmics/raw_data/helmholtz/MUC1726/RNAout/paired-endout/stdFilenames/MUC1726.bam
MUC1727	/s/project/mitoMultiOmics/raw_data/helmholtz/MUC1727/RNAout/paired-endout/stdFilenames/MUC1727.bam
MUC1728	/s/project/mitoMultiOmics/raw_data/helmholtz/MUC1728/RNAout/paired-endout/stdFilenames/MUC1728.bam
MUC1729	/s/project/mitoMultiOmics/raw_data/helmholtz/MUC1729/RNAout/paired-endout/stdFilenames/MUC1729.bam
MUC1730	/s/project/mitoMultiOmics/raw_data/helmholtz/MUC1730/RNAout/paired-endout/stdFilenames/MUC1730.bam
MUC1731	/s/project/mitoMultiOmics/raw_data/helmholtz/MUC1731/RNAout/paired-endout/stdFilenames/MUC1731.bam
MUC1732	/s/project/mitoMultiOmics/raw_data/helmholtz/MUC1732/RNAout/paired-endout/stdFilenames/MUC1732.bam
MUC1733	/s/project/mitoMultiOmics/raw_data/helmholtz/MUC1733/RNAout/paired-endout/stdFilenames/MUC1733.bam
MUC1734	/s/project/mitoMultiOmics/raw_data/helmholtz/MUC1734/RNAout/paired-endout/stdFilenames/MUC1734.bam
MUC1735	/s/project/mitoMultiOmics/raw_data/helmholtz/MUC1735/RNAout/paired-endout/stdFilenames/MUC1735.bam
MUC1736	/s/project/mitoMultiOmics/raw_data/helmholtz/MUC1736/RNAout/paired-endout/stdFilenames/MUC1736.bam
MUC1737	/s/project/mitoMultiOmics/raw_data/helmholtz/MUC1737/RNAout/paired-endout/stdFilenames/MUC1737.bam
MUC1738	/s/project/mitoMultiOmics/raw_data/helmholtz/MUC1738/RNAout/paired-endout/stdFilenames/MUC1738.bam
MUC1739	/s/project/mitoMultiOmics/raw_data/helmholtz/MUC1739/RNAout/paired-endout/stdFilenames/MUC1739.bam
MUC1740	/s/project/mitoMultiOmics/raw_data/helmholtz/MUC1740/RNAout/paired-endout/stdFilenames/MUC1740.bam
MUC1741	/s/project/mitoMultiOmics/raw_data/helmholtz/MUC1741/RNAout/paired-endout/stdFilenames/MUC1741.bam
MUC1742	/s/project/mitoMultiOmics/raw_data/helmholtz/MUC1742/RNAout/paired-endout/stdFilenames/MUC1742.bam
MUC1743	/s/project/mitoMultiOmics/raw_data/helmholtz/MUC1743/RNAout/paired-endout/stdFilenames/MUC1743.bam
MUC2145	/s/project/mitoMultiOmics/raw_data/helmholtz/MUC2145/RNAout/paired-endout/stdFilenames/MUC2145.bam
MUC2146	/s/project/mitoMultiOmics/raw_data/helmholtz/MUC2146/RNAout/paired-endout/stdFilenames/MUC2146.bam
MUC2147	/s/project/mitoMultiOmics/raw_data/helmholtz/MUC2147/RNAout/paired-endout/stdFilenames/MUC2147.bam
MUC2148	/s/project/mitoMultiOmics/raw_data/helmholtz/MUC2148/RNAout/paired-endout/stdFilenames/MUC2148.bam
MUC2149	/s/project/mitoMultiOmics/raw_data/helmholtz/MUC2149/RNAout/paired-endout/stdFilenames/MUC2149.bam
MUC2150	/s/project/mitoMultiOmics/raw_data/helmholtz/MUC2150/RNAout/paired-endout/stdFilenames/MUC2150.bam
MUC2151	/s/project/mitoMultiOmics/raw_data/helmholtz/MUC2151/RNAout/paired-endout/stdFilenames/MUC2151.bam
MUC2152	/s/project/mitoMultiOmics/raw_data/helmholtz/MUC2152/RNAout/paired-endout/stdFilenames/MUC2152.bam
MUC2153	/s/project/mitoMultiOmics/raw_data/helmholtz/MUC2153/RNAout/paired-endout/stdFilenames/MUC2153.bam
MUC2154	/s/project/mitoMultiOmics/raw_data/helmholtz/MUC2154/RNAout/paired-endout/stdFilenames/MUC2154.bam
MUC2155	/s/project/mitoMultiOmics/raw_data/helmholtz/MUC2155/RNAout/paired-endout/stdFilenames/MUC2155.bam
MUC2156	/s/project/mitoMultiOmics/raw_data/helmholtz/MUC2156/RNAout/paired-endout/stdFilenames/MUC2156.bam
MUC2157	/s/project/mitoMultiOmics/raw_data/helmholtz/MUC2157/RNAout/paired-endout/stdFilenames/MUC2157.bam
MUC2158	/s/project/mitoMultiOmics/raw_data/helmholtz/MUC2158/RNAout/paired-endout/stdFilenames/MUC2158.bam
MUC2159	/s/project/mitoMultiOmics/raw_data/helmholtz/MUC2159/RNAout/paired-endout/stdFilenames/MUC2159.bam
MUC2160	/s/project/mitoMultiOmics/raw_data/helmholtz/MUC2160/RNAout/paired-endout/stdFilenames/MUC2160.bam
MUC2161	/s/project/mitoMultiOmics/raw_data/helmholtz/MUC2161/RNAout/paired-endout/stdFilenames/MUC2161.bam
MUC2162	/s/project/mitoMultiOmics/raw_data/helmholtz/MUC2162/RNAout/paired-endout/stdFilenames/MUC2162.bam
MUC2163	/s/project/mitoMultiOmics/raw_data/helmholtz/MUC2163/RNAout/paired-endout/stdFilenames/MUC2163.bam
MUC2164	/s/project/mitoMultiOmics/raw_data/helmholtz/MUC2164/RNAout/paired-endout/stdFilenames/MUC2164.bam
MUC2165	/s/project/mitoMultiOmics/raw_data/helmholtz/MUC2165/RNAout/paired-endout/stdFilenames/MUC2165.bam
MUC2166	/s/project/mitoMultiOmics/raw_data/helmholtz/MUC2166/RNAout/paired-endout/stdFilenames/MUC2166.bam
MUC2167	/s/project/mitoMultiOmics/raw_data/helmholtz/MUC2167/RNAout/paired-endout/stdFilenames/MUC2167.bam
MUC2168	/s/project/mitoMultiOmics/raw_data/helmholtz/MUC2168/RNAout/paired-endout/stdFilenames/MUC2168.bam
MUC2169	/s/project/mitoMultiOmics/raw_data/helmholtz/MUC2169/RNAout/paired-endout/stdFilenames/MUC2169.bam
MUC2170	/s/project/mitoMultiOmics/raw_data/helmholtz/MUC2170/RNAout/paired-endout/stdFilenames/MUC2170.bam
MUC2171	/s/project/mitoMultiOmics/raw_data/helmholtz/MUC2171/RNAout/paired-endout/stdFilenames/MUC2171.bam
MUC2173	/s/project/mitoMultiOmics/raw_data/helmholtz/MUC2173/RNAout/paired-endout/stdFilenames/MUC2173.bam
MUC2174	/s/project/mitoMultiOmics/raw_data/helmholtz/MUC2174/RNAout/paired-endout/stdFilenames/MUC2174.bam
MUC2175	/s/project/mitoMultiOmics/raw_data/helmholtz/MUC2175/RNAout/paired-endout/stdFilenames/MUC2175.bam
MUC2176	/s/project/mitoMultiOmics/raw_data/helmholtz/MUC2176/RNAout/paired-endout/stdFilenames/MUC2176.bam
MUC2177	/s/project/mitoMultiOmics/raw_data/helmholtz/MUC2177/RNAout/paired-endout/stdFilenames/MUC2177.bam
MUC2178	/s/project/mitoMultiOmics/raw_data/helmholtz/MUC2178/RNAout/paired-endout/stdFilenames/MUC2178.bam
MUC2179	/s/project/mitoMultiOmics/raw_data/helmholtz/MUC2179/RNAout/paired-endout/stdFilenames/MUC2179.bam
MUC2180	/s/project/mitoMultiOmics/raw_data/helmholtz/MUC2180/RNAout/paired-endout/stdFilenames/MUC2180.bam
MUC2181	/s/project/mitoMultiOmics/raw_data/helmholtz/MUC2181/RNAout/paired-endout/stdFilenames/MUC2181.bam
MUC2182	/s/project/mitoMultiOmics/raw_data/helmholtz/MUC2182/RNAout/paired-endout/stdFilenames/MUC2182.bam
MUC2183	/s/project/mitoMultiOmics/raw_data/helmholtz/MUC2183/RNAout/paired-endout/stdFilenames/MUC2183.bam
MUC2184	/s/project/mitoMultiOmics/raw_data/helmholtz/MUC2184/RNAout/paired-endout/stdFilenames/MUC2184.bam
MUC2185	/s/project/mitoMultiOmics/raw_data/helmholtz/MUC2185/RNAout/paired-endout/stdFilenames/MUC2185.bam
MUC2186	/s/project/mitoMultiOmics/raw_data/helmholtz/MUC2186/RNAout/paired-endout/stdFilenames/MUC2186.bam
MUC2187	/s/project/mitoMultiOmics/raw_data/helmholtz/MUC2187/RNAout/paired-endout/stdFilenames/MUC2187.bam
MUC2188	/s/project/mitoMultiOmics/raw_data/helmholtz/MUC2188/RNAout/paired-endout/stdFilenames/MUC2188.bam
MUC2189	/s/project/mitoMultiOmics/raw_data/helmholtz/MUC2189/RNAout/paired-endout/stdFilenames/MUC2189.bam
MUC2190	/s/project/mitoMultiOmics/raw_data/helmholtz/MUC2190/RNAout/paired-endout/stdFilenames/MUC2190.bam
MUC2191	/s/project/mitoMultiOmics/raw_data/helmholtz/MUC2191/RNAout/paired-endout/stdFilenames/MUC2191.bam
MUC2192	/s/project/mitoMultiOmics/raw_data/helmholtz/MUC2192/RNAout/paired-endout/stdFilenames/MUC2192.bam
MUC2193	/s/project/mitoMultiOmics/raw_data/helmholtz/MUC2193/RNAout/paired-endout/stdFilenames/MUC2193.bam
MUC2194	/s/project/mitoMultiOmics/raw_data/helmholtz/MUC2194/RNAout/paired-endout/stdFilenames/MUC2194.bam
MUC2195	/s/project/mitoMultiOmics/raw_data/helmholtz/MUC2195/RNAout/paired-endout/stdFilenames/MUC2195.bam
MUC2196	/s/project/mitoMultiOmics/raw_data/helmholtz/MUC2196/RNAout/paired-endout/stdFilenames/MUC2196.bam
MUC2197	/s/project/mitoMultiOmics/raw_data/helmholtz/MUC2197/RNAout/paired-endout/stdFilenames/MUC2197.bam
MUC2198	/s/project/mitoMultiOmics/raw_data/helmholtz/MUC2198/RNAout/paired-endout/stdFilenames/MUC2198.bam
MUC2199	/s/project/mitoMultiOmics/raw_data/helmholtz/MUC2199/RNAout/paired-endout/stdFilenames/MUC2199.bam
MUC2200	/s/project/mitoMultiOmics/raw_data/helmholtz/MUC2200/RNAout/paired-endout/stdFilenames/MUC2200.bam
MUC2201	/s/project/mitoMultiOmics/raw_data/helmholtz/MUC2201/RNAout/paired-endout/stdFilenames/MUC2201.bam
MUC2202	/s/project/mitoMultiOmics/raw_data/helmholtz/MUC2202/RNAout/paired-endout/stdFilenames/MUC2202.bam
MUC2203	/s/project/mitoMultiOmics/raw_data/helmholtz/MUC2203/RNAout/paired-endout/stdFilenames/MUC2203.bam
MUC2204	/s/project/mitoMultiOmics/raw_data/helmholtz/MUC2204/RNAout/paired-endout/stdFilenames/MUC2204.bam
MUC2205	/s/project/mitoMultiOmics/raw_data/helmholtz/MUC2205/RNAout/paired-endout/stdFilenames/MUC2205.bam
MUC2206	/s/project/mitoMultiOmics/raw_data/helmholtz/MUC2206/RNAout/paired-endout/stdFilenames/MUC2206.bam
MUC2207	/s/project/mitoMultiOmics/raw_data/helmholtz/MUC2207/RNAout/paired-endout/stdFilenames/MUC2207.bam
MUC2208	/s/project/mitoMultiOmics/raw_data/helmholtz/MUC2208/RNAout/paired-endout/stdFilenames/MUC2208.bam
MUC2209	/s/project/mitoMultiOmics/raw_data/helmholtz/MUC2209/RNAout/paired-endout/stdFilenames/MUC2209.bam
MUC2210	/s/project/mitoMultiOmics/raw_data/helmholtz/MUC2210/RNAout/paired-endout/stdFilenames/MUC2210.bam
MUC2211	/s/project/mitoMultiOmics/raw_data/helmholtz/MUC2211/RNAout/paired-endout/stdFilenames/MUC2211.bam
MUC2212	/s/project/mitoMultiOmics/raw_data/helmholtz/MUC2212/RNAout/paired-endout/stdFilenames/MUC2212.bam
MUC2213	/s/project/mitoMultiOmics/raw_data/helmholtz/MUC2213/RNAout/paired-endout/stdFilenames/MUC2213.bam
MUC2214	/s/project/mitoMultiOmics/raw_data/helmholtz/MUC2214/RNAout/paired-endout/stdFilenames/MUC2214.bam
MUC2215	/s/project/mitoMultiOmics/raw_data/helmholtz/MUC2215/RNAout/paired-endout/stdFilenames/MUC2215.bam
MUC2216	/s/project/mitoMultiOmics/raw_data/helmholtz/MUC2216/RNAout/paired-endout/stdFilenames/MUC2216.bam
MUC2217	/s/project/mitoMultiOmics/raw_data/helmholtz/MUC2217/RNAout/paired-endout/stdFilenames/MUC2217.bam
MUC2218	/s/project/mitoMultiOmics/raw_data/helmholtz/MUC2218/RNAout/paired-endout/stdFilenames/MUC2218.bam
MUC2219	/s/project/mitoMultiOmics/raw_data/helmholtz/MUC2219/RNAout/paired-endout/stdFilenames/MUC2219.bam
MUC2220	/s/project/mitoMultiOmics/raw_data/helmholtz/MUC2220/RNAout/paired-endout/stdFilenames/MUC2220.bam
MUC2221	/s/project/mitoMultiOmics/raw_data/helmholtz/MUC2221/RNAout/paired-endout/stdFilenames/MUC2221.bam
MUC2222	/s/project/mitoMultiOmics/raw_data/helmholtz/MUC2222/RNAout/paired-endout/stdFilenames/MUC2222.bam
MUC2223	/s/project/mitoMultiOmics/raw_data/helmholtz/MUC2223/RNAout/paired-endout/stdFilenames/MUC2223.bam
MUC2224	/s/project/mitoMultiOmics/raw_data/helmholtz/MUC2224/RNAout/paired-endout/stdFilenames/MUC2224.bam
MUC2225	/s/project/mitoMultiOmics/raw_data/helmholtz/MUC2225/RNAout/paired-endout/stdFilenames/MUC2225.bam
MUC2226	/s/project/mitoMultiOmics/raw_data/helmholtz/MUC2226/RNAout/paired-endout/stdFilenames/MUC2226.bam
MUC2227	/s/project/mitoMultiOmics/raw_data/helmholtz/MUC2227/RNAout/paired-endout/stdFilenames/MUC2227.bam
MUC2228	/s/project/mitoMultiOmics/raw_data/helmholtz/MUC2228/RNAout/paired-endout/stdFilenames/MUC2228.bam
MUC2229	/s/project/mitoMultiOmics/raw_data/helmholtz/MUC2229/RNAout/paired-endout/stdFilenames/MUC2229.bam
MUC2230	/s/project/mitoMultiOmics/raw_data/helmholtz/MUC2230/RNAout/paired-endout/stdFilenames/MUC2230.bam
MUC2231	/s/project/mitoMultiOmics/raw_data/helmholtz/MUC2231/RNAout/paired-endout/stdFilenames/MUC2231.bam
MUC2232	/s/project/mitoMultiOmics/raw_data/helmholtz/MUC2232/RNAout/paired-endout/stdFilenames/MUC2232.bam
MUC2233	/s/project/mitoMultiOmics/raw_data/helmholtz/MUC2233/RNAout/paired-endout/stdFilenames/MUC2233.bam
MUC2234	/s/project/mitoMultiOmics/raw_data/helmholtz/MUC2234/RNAout/paired-endout/stdFilenames/MUC2234.bam
MUC2235	/s/project/mitoMultiOmics/raw_data/helmholtz/MUC2235/RNAout/paired-endout/stdFilenames/MUC2235.bam
MUC2236	/s/project/mitoMultiOmics/raw_data/helmholtz/MUC2236/RNAout/paired-endout/stdFilenames/MUC2236.bam
MUC2237	/s/project/mitoMultiOmics/raw_data/helmholtz/MUC2237/RNAout/paired-endout/stdFilenames/MUC2237.bam
MUC2238	/s/project/mitoMultiOmics/raw_data/helmholtz/MUC2238/RNAout/paired-endout/stdFilenames/MUC2238.bam
MUC2239	/s/project/mitoMultiOmics/raw_data/helmholtz/MUC2239/RNAout/paired-endout/stdFilenames/MUC2239.bam
MUC2240	/s/project/mitoMultiOmics/raw_data/helmholtz/MUC2240/RNAout/paired-endout/stdFilenames/MUC2240.bam
MUC3194	/s/project/mitoMultiOmics/raw_data/helmholtz/MUC3194/RNAout/paired-endout/stdFilenames/MUC3194.bam
MUC3195	/s/project/mitoMultiOmics/raw_data/helmholtz/MUC3195/RNAout/paired-endout/stdFilenames/MUC3195.bam
MUC3196	/s/project/mitoMultiOmics/raw_data/helmholtz/MUC3196/RNAout/paired-endout/stdFilenames/MUC3196.bam
MUC3197	/s/project/mitoMultiOmics/raw_data/helmholtz/MUC3197/RNAout/paired-endout/stdFilenames/MUC3197.bam
MUC3198	/s/project/mitoMultiOmics/raw_data/helmholtz/MUC3198/RNAout/paired-endout/stdFilenames/MUC3198.bam
MUC3199	/s/project/mitoMultiOmics/raw_data/helmholtz/MUC3199/RNAout/paired-endout/stdFilenames/MUC3199.bam
MUC3200	/s/project/mitoMultiOmics/raw_data/helmholtz/MUC3200/RNAout/paired-endout/stdFilenames/MUC3200.bam
MUC3201	/s/project/mitoMultiOmics/raw_data/helmholtz/MUC3201/RNAout/paired-endout/stdFilenames/MUC3201.bam
MUC3202	/s/project/mitoMultiOmics/raw_data/helmholtz/MUC3202/RNAout/paired-endout/stdFilenames/MUC3202.bam
MUC3203	/s/project/mitoMultiOmics/raw_data/helmholtz/MUC3203/RNAout/paired-endout/stdFilenames/MUC3203.bam
TUEB003	/s/project/mitoMultiOmics/raw_data/helmholtz/TUEB003/RNAout/paired-endout/stdFilenames/TUEB003.bam
TUEB004	/s/project/mitoMultiOmics/raw_data/helmholtz/TUEB004/RNAout/paired-endout/stdFilenames/TUEB004.bam
TUEB005	/s/project/mitoMultiOmics/raw_data/helmholtz/TUEB005/RNAout/paired-endout/stdFilenames/TUEB005.bam
TUEB006	/s/project/mitoMultiOmics/raw_data/helmholtz/TUEB006/RNAout/paired-endout/stdFilenames/TUEB006.bam
TUEB007	/s/project/mitoMultiOmics/raw_data/helmholtz/TUEB007/RNAout/paired-endout/stdFilenames/TUEB007.bam
